timestamp,open,high,low,close,volume,symbol
2025-09-07 13:00:00,3.9642,4.0864,3.9642,4.0815,87820.38840656,DOT/USD
2025-09-07 14:00:00,4.0753,4.0753,4.0076,4.0148,63095.74786971,DOT/USD
2025-09-07 15:00:00,4.0156,4.025,3.9621,3.9665,44490.07581518,DOT/USD
2025-09-07 16:00:00,3.9679,3.9926,3.9679,3.9812,9267.91852161,DOT/USD
2025-09-07 17:00:00,3.9801,3.9806,3.955,3.955,12292.73781689,DOT/USD
2025-09-07 18:00:00,3.9561,3.9784,3.955,3.9674,2641.89057418,DOT/USD
2025-09-07 19:00:00,3.965,4.0129,3.9592,3.9885,7865.45402562,DOT/USD
2025-09-07 20:00:00,3.9886,3.9928,3.9784,3.9869,19663.14932731,DOT/USD
2025-09-07 21:00:00,3.9904,3.9913,3.9767,3.9822,1895.79514746,DOT/USD
2025-09-07 22:00:00,3.982,4.0115,3.982,4.0111,11895.40203227,DOT/USD
2025-09-07 23:00:00,4.0129,4.0157,3.9918,3.995,56157.70563869,DOT/USD
2025-09-08 00:00:00,3.9948,4.0184,3.9829,4.0003,25836.24557084,DOT/USD
2025-09-08 01:00:00,3.9987,4.0237,3.9957,4.0127,8722.62085969,DOT/USD
2025-09-08 02:00:00,4.0177,4.0568,3.9977,4.041,15326.57320465,DOT/USD
2025-09-08 03:00:00,4.0462,4.0692,4.0461,4.0498,7317.92722014,DOT/USD
2025-09-08 04:00:00,4.0458,4.0502,4.0231,4.0269,28141.28043875,DOT/USD
2025-09-08 05:00:00,4.0292,4.0463,4.0228,4.0341,13752.47962518,DOT/USD
2025-09-08 06:00:00,4.0238,4.0238,4.0044,4.0044,26258.28083987,DOT/USD
2025-09-08 07:00:00,4.0043,4.0101,3.9877,3.9999,8585.24382203,DOT/USD
2025-09-08 08:00:00,3.9976,4.0167,3.9975,4.0027,11861.23888772,DOT/USD
2025-09-08 09:00:00,4.0032,4.0366,3.9993,4.0306,5211.11334236,DOT/USD
2025-09-08 10:00:00,4.035,4.0506,4.0297,4.0298,12353.16249707,DOT/USD
2025-09-08 11:00:00,4.0257,4.0314,4.0127,4.0231,4407.20008447,DOT/USD
2025-09-08 12:00:00,4.0262,4.0291,4.0111,4.0259,1839.6634227,DOT/USD
2025-09-08 13:00:00,4.0273,4.0471,4.0103,4.0107,63299.38753869,DOT/USD
2025-09-08 14:00:00,4.0105,4.0566,4.0071,4.0459,35871.37449716,DOT/USD
2025-09-08 15:00:00,4.0423,4.0732,4.038,4.0651,26787.86898429,DOT/USD
2025-09-08 16:00:00,4.0697,4.0773,4.0479,4.05,6716.96544558,DOT/USD
2025-09-08 17:00:00,4.0489,4.0671,4.0347,4.035,6549.08107908,DOT/USD
2025-09-08 18:00:00,4.0308,4.0551,4.0307,4.0551,2512.49721726,DOT/USD
2025-09-08 19:00:00,4.0519,4.0519,4.0182,4.0213,2281.16531568,DOT/USD
2025-09-08 20:00:00,4.022,4.0306,4.0031,4.0151,1453.8187815,DOT/USD
2025-09-08 21:00:00,4.0139,4.0601,4.0088,4.0588,6081.88710492,DOT/USD
2025-09-08 22:00:00,4.0586,4.0651,4.0488,4.049,5295.75554243,DOT/USD
2025-09-08 23:00:00,4.0478,4.055,4.0327,4.0463,2434.2496288,DOT/USD
2025-09-09 00:00:00,4.05,4.0811,4.05,4.0811,22862.17798469,DOT/USD
2025-09-09 01:00:00,4.0811,4.096,4.0518,4.0574,38792.84316148,DOT/USD
2025-09-09 02:00:00,4.0589,4.0622,4.021,4.0286,4191.60504138,DOT/USD
2025-09-09 03:00:00,4.0245,4.0441,4.0073,4.0422,4756.96200716,DOT/USD
2025-09-09 04:00:00,4.0397,4.0537,4.0359,4.0474,2387.58661232,DOT/USD
2025-09-09 05:00:00,4.0529,4.0542,4.0347,4.0542,15208.38463183,DOT/USD
2025-09-09 06:00:00,4.0556,4.1215,4.0556,4.1105,152318.45754506,DOT/USD
2025-09-09 07:00:00,4.113,4.168,4.1092,4.1198,38689.54239223,DOT/USD
2025-09-09 08:00:00,4.1252,4.1421,4.1219,4.1294,6852.65038786,DOT/USD
2025-09-09 09:00:00,4.1359,4.1506,4.1304,4.146,9833.19195308,DOT/USD
2025-09-09 10:00:00,4.146,4.159,4.132,4.15,34301.98879879,DOT/USD
2025-09-09 11:00:00,4.1515,4.1795,4.15,4.15,58295.41395026,DOT/USD
2025-09-09 12:00:00,4.1501,4.1778,4.1358,4.1371,434785.50999087,DOT/USD
2025-09-09 13:00:00,4.1386,4.1756,4.1189,4.1727,32947.39058737,DOT/USD
2025-09-09 14:00:00,4.1727,4.183,4.0711,4.1121,237160.86766409,DOT/USD
2025-09-09 15:00:00,4.1124,4.117,4.0587,4.0759,343688.9505097,DOT/USD
2025-09-09 16:00:00,4.0747,4.0832,4.0353,4.05,24210.41388307,DOT/USD
2025-09-09 17:00:00,4.0501,4.0772,4.0492,4.0606,18144.90252296,DOT/USD
2025-09-09 18:00:00,4.062,4.0832,4.0569,4.0807,9179.84636817,DOT/USD
2025-09-09 19:00:00,4.0833,4.1131,4.0833,4.108,31898.57013039,DOT/USD
2025-09-09 20:00:00,4.108,4.1277,4.0913,4.1246,11096.42201537,DOT/USD
2025-09-09 21:00:00,4.1259,4.1379,4.101,4.101,6846.32057475,DOT/USD
2025-09-09 22:00:00,4.1084,4.1408,4.1016,4.1383,8102.8512747,DOT/USD
2025-09-09 23:00:00,4.1382,4.1442,4.1208,4.1382,5950.8306703,DOT/USD
2025-09-10 00:00:00,4.1382,4.1473,4.1022,4.1125,10697.07952332,DOT/USD
2025-09-10 01:00:00,4.1062,4.1527,4.1006,4.1279,19169.37784057,DOT/USD
2025-09-10 02:00:00,4.1297,4.1436,4.1229,4.1329,16418.52711535,DOT/USD
2025-09-10 03:00:00,4.1376,4.1396,4.1209,4.1313,983.44580335,DOT/USD
2025-09-10 04:00:00,4.135,4.135,4.1034,4.1209,12848.73781453,DOT/USD
2025-09-10 05:00:00,4.1203,4.1203,4.0767,4.0934,39680.1362749,DOT/USD
2025-09-10 06:00:00,4.0898,4.1127,4.0837,4.1113,5382.20568281,DOT/USD
2025-09-10 07:00:00,4.1076,4.1228,4.1027,4.1154,28526.61412981,DOT/USD
2025-09-10 08:00:00,4.1143,4.1229,4.0851,4.0851,101911.93061834,DOT/USD
2025-09-10 09:00:00,4.0896,4.0948,4.0692,4.0911,2973.66063836,DOT/USD
2025-09-10 10:00:00,4.0912,4.0974,4.0577,4.0591,14196.69338091,DOT/USD
2025-09-10 11:00:00,4.0579,4.0822,4.0566,4.0822,4475.86941392,DOT/USD
2025-09-10 12:00:00,4.0821,4.1685,4.0772,4.1685,12929.84002487,DOT/USD
2025-09-10 13:00:00,4.169,4.2051,4.1491,4.1841,49587.36787013,DOT/USD
2025-09-10 14:00:00,4.1849,4.2014,4.1593,4.1629,18352.73571115,DOT/USD
2025-09-10 15:00:00,4.1629,4.1817,4.1597,4.1721,26315.9892493,DOT/USD
2025-09-10 16:00:00,4.173,4.19,4.1451,4.19,17570.65526937,DOT/USD
2025-09-10 17:00:00,4.1916,4.1974,4.163,4.1889,7473.34711842,DOT/USD
2025-09-10 18:00:00,4.1873,4.1961,4.1711,4.1936,12397.84671615,DOT/USD
2025-09-10 19:00:00,4.195,4.195,4.144,4.1643,21311.87140476,DOT/USD
2025-09-10 20:00:00,4.1613,4.1883,4.1589,4.1727,9749.90467918,DOT/USD
2025-09-10 21:00:00,4.1711,4.1944,4.1711,4.1937,7761.21411437,DOT/USD
2025-09-10 22:00:00,4.1941,4.2234,4.1927,4.2001,46398.64419997,DOT/USD
2025-09-10 23:00:00,4.2036,4.2147,4.193,4.2123,10587.74733944,DOT/USD
2025-09-11 00:00:00,4.2162,4.2449,4.1985,4.2369,4809.10583126,DOT/USD
2025-09-11 01:00:00,4.2395,4.2457,4.227,4.2398,6915.63533808,DOT/USD
2025-09-11 02:00:00,4.2411,4.2545,4.2132,4.2162,10500.09077398,DOT/USD
2025-09-11 03:00:00,4.2145,4.2463,4.2099,4.2425,2713.61867263,DOT/USD
2025-09-11 04:00:00,4.2373,4.2373,4.2216,4.226,459.1720242,DOT/USD
2025-09-11 05:00:00,4.2178,4.2217,4.2,4.2172,15982.75399818,DOT/USD
2025-09-11 06:00:00,4.2103,4.2278,4.2077,4.2278,4492.09106836,DOT/USD
2025-09-11 07:00:00,4.2197,4.2269,4.215,4.2243,35468.40848077,DOT/USD
2025-09-11 08:00:00,4.2207,4.2243,4.211,4.211,1121.79740188,DOT/USD
2025-09-11 09:00:00,4.2051,4.2051,4.1769,4.187,7305.76553633,DOT/USD
2025-09-11 10:00:00,4.1912,4.2066,4.1912,4.2051,4231.29214416,DOT/USD
2025-09-11 11:00:00,4.206,4.2186,4.1889,4.1889,7371.57587567,DOT/USD
2025-09-11 12:00:00,4.1944,4.2414,4.135,4.1847,71283.18502838,DOT/USD
2025-09-11 13:00:00,4.1868,4.2045,4.1419,4.2045,13285.94363791,DOT/USD
2025-09-11 14:00:00,4.2063,4.2071,4.1538,4.1835,5724.42908316,DOT/USD
2025-09-11 15:00:00,4.1816,4.183,4.163,4.1651,3879.24322636,DOT/USD
2025-09-11 16:00:00,4.163,4.1919,4.163,4.1817,13368.09746189,DOT/USD
2025-09-11 17:00:00,4.1776,4.1937,4.1712,4.1881,8447.4292143,DOT/USD
2025-09-11 18:00:00,4.1881,4.189,4.1769,4.1882,17245.98733189,DOT/USD
2025-09-11 19:00:00,4.1894,4.2266,4.1894,4.2145,42854.83289676,DOT/USD
2025-09-11 20:00:00,4.2119,4.224,4.2019,4.217,62177.00721438,DOT/USD
2025-09-11 21:00:00,4.2165,4.2344,4.2165,4.233,12047.8722317,DOT/USD
2025-09-11 22:00:00,4.232,4.2468,4.232,4.2383,6097.68897716,DOT/USD
2025-09-11 23:00:00,4.2384,4.2547,4.2371,4.2377,11753.74927085,DOT/USD
2025-09-12 00:00:00,4.2425,4.276,4.2314,4.2706,30144.42895509,DOT/USD
2025-09-12 01:00:00,4.2697,4.2723,4.2422,4.2447,20648.31323785,DOT/USD
2025-09-12 02:00:00,4.2492,4.2551,4.2226,4.2258,14547.5160418,DOT/USD
2025-09-12 03:00:00,4.2314,4.2314,4.2045,4.217,8468.22975125,DOT/USD
2025-09-12 04:00:00,4.219,4.2267,4.21,4.2221,2633.97237769,DOT/USD
2025-09-12 05:00:00,4.2225,4.2506,4.2157,4.2501,14487.9987018,DOT/USD
2025-09-12 06:00:00,4.2501,4.2674,4.2501,4.2532,6420.55947567,DOT/USD
2025-09-12 07:00:00,4.2532,4.2595,4.2318,4.2319,5559.3097175,DOT/USD
2025-09-12 08:00:00,4.2324,4.2324,4.208,4.2102,7164.42739955,DOT/USD
2025-09-12 09:00:00,4.2133,4.2192,4.1863,4.1945,8907.65427545,DOT/USD
2025-09-12 10:00:00,4.1963,4.1987,4.1738,4.1986,3877.12655462,DOT/USD
2025-09-12 11:00:00,4.1953,4.2067,4.1726,4.1726,3237.61878254,DOT/USD
2025-09-12 12:00:00,4.1731,4.1984,4.1569,4.1964,5452.04670008,DOT/USD
2025-09-12 13:00:00,4.1967,4.218,4.1901,4.218,15319.17977632,DOT/USD
2025-09-12 14:00:00,4.2211,4.2445,4.209,4.2194,11485.39533781,DOT/USD
2025-09-12 15:00:00,4.2188,4.2188,4.1912,4.197,29800.5048248,DOT/USD
2025-09-12 16:00:00,4.197,4.2319,4.15,4.2162,384720.40132817,DOT/USD
2025-09-12 17:00:00,4.2174,4.2649,4.2133,4.2503,43731.18290015,DOT/USD
2025-09-12 18:00:00,4.2533,4.2907,4.2458,4.2877,68721.79540589,DOT/USD
2025-09-12 19:00:00,4.2899,4.2949,4.2763,4.2949,27431.86076401,DOT/USD
2025-09-12 20:00:00,4.2948,4.2949,4.2534,4.28,27141.4936786,DOT/USD
2025-09-12 21:00:00,4.2696,4.2784,4.261,4.2754,5046.0657072,DOT/USD
2025-09-12 22:00:00,4.2783,4.3199,4.278,4.3158,94789.2330075,DOT/USD
2025-09-12 23:00:00,4.3159,4.3208,4.3094,4.3197,8660.31423812,DOT/USD
2025-09-13 00:00:00,4.3198,4.3419,4.3089,4.3406,32893.49721761,DOT/USD
2025-09-13 01:00:00,4.3403,4.3518,4.3157,4.3191,24099.03383053,DOT/USD
2025-09-13 02:00:00,4.3162,4.343,4.3061,4.3361,12572.09869979,DOT/USD
2025-09-13 03:00:00,4.3411,4.3787,4.3411,4.3748,21290.92459872,DOT/USD
2025-09-13 04:00:00,4.3766,4.3985,4.3682,4.3879,20618.17785623,DOT/USD
2025-09-13 05:00:00,4.3848,4.4176,4.365,4.4176,31663.24931613,DOT/USD
2025-09-13 06:00:00,4.4157,4.5,4.4157,4.4538,89758.75891736,DOT/USD
2025-09-13 07:00:00,4.4489,4.4844,4.4317,4.464,26637.55764662,DOT/USD
2025-09-13 08:00:00,4.4547,4.5289,4.4543,4.5088,87058.48776471,DOT/USD
2025-09-13 09:00:00,4.5049,4.519,4.4963,4.5133,34935.95872851,DOT/USD
2025-09-13 10:00:00,4.5162,4.595,4.5075,4.5757,66830.04135971,DOT/USD
2025-09-13 11:00:00,4.5756,4.5831,4.5149,4.5831,50189.35565338,DOT/USD
2025-09-13 12:00:00,4.5845,4.6233,4.5609,4.6131,80581.31631893,DOT/USD
2025-09-13 13:00:00,4.6098,4.62,4.4825,4.5434,56739.48355907,DOT/USD
2025-09-13 14:00:00,4.5414,4.574,4.4982,4.535,51225.57537963,DOT/USD
2025-09-13 15:00:00,4.535,4.5542,4.4983,4.5111,9854.53676684,DOT/USD
2025-09-13 16:00:00,4.5113,4.5376,4.4465,4.4643,79149.40677412,DOT/USD
2025-09-13 17:00:00,4.4698,4.4932,4.4213,4.4895,25333.42451414,DOT/USD
2025-09-13 18:00:00,4.4754,4.4818,4.4557,4.4748,3448.8816544,DOT/USD
2025-09-13 19:00:00,4.4707,4.4737,4.4575,4.4657,16984.43220587,DOT/USD
2025-09-13 20:00:00,4.4635,4.4954,4.4635,4.491,4656.86145235,DOT/USD
2025-09-13 21:00:00,4.4856,4.5129,4.4856,4.4956,11024.60176396,DOT/USD
2025-09-13 22:00:00,4.4936,4.5134,4.4855,4.4918,1927.48097045,DOT/USD
2025-09-13 23:00:00,4.4939,4.5089,4.4906,4.495,4518.16977546,DOT/USD
2025-09-14 00:00:00,4.496,4.496,4.4394,4.4519,7632.2434212,DOT/USD
2025-09-14 01:00:00,4.4438,4.457,4.4031,4.4559,43083.81814026,DOT/USD
2025-09-14 02:00:00,4.4594,4.486,4.4436,4.4511,15520.00616391,DOT/USD
2025-09-14 03:00:00,4.4522,4.4531,4.3947,4.3997,9053.18199828,DOT/USD
2025-09-14 04:00:00,4.399,4.4123,4.3681,4.4001,20278.36245573,DOT/USD
2025-09-14 05:00:00,4.3995,4.442,4.3995,4.442,14095.16641843,DOT/USD
2025-09-14 06:00:00,4.443,4.4433,4.4114,4.4146,4127.69005225,DOT/USD
2025-09-14 07:00:00,4.4091,4.4395,4.4091,4.4238,980.58788213,DOT/USD
2025-09-14 08:00:00,4.414,4.4349,4.407,4.4262,1501.70501126,DOT/USD
2025-09-14 09:00:00,4.4213,4.4646,4.4099,4.4494,15977.5981088,DOT/USD
2025-09-14 10:00:00,4.4495,4.4611,4.4351,4.4452,2069.32671945,DOT/USD
2025-09-14 11:00:00,4.4449,4.4449,4.3702,4.3738,44538.38875953,DOT/USD
2025-09-14 12:00:00,4.3762,4.3943,4.3342,4.3515,22781.98503004,DOT/USD
2025-09-14 13:00:00,4.3443,4.3618,4.3103,4.3295,10018.14781546,DOT/USD
2025-09-14 14:00:00,4.3308,4.3552,4.2838,4.3141,26609.75116628,DOT/USD
2025-09-14 15:00:00,4.319,4.3352,4.2888,4.3251,29190.95474616,DOT/USD
2025-09-14 16:00:00,4.3285,4.3651,4.3243,4.3493,5943.61511413,DOT/USD
2025-09-14 17:00:00,4.3493,4.3764,4.3413,4.3658,6782.11807052,DOT/USD
2025-09-14 18:00:00,4.3619,4.3619,4.3325,4.3352,11487.92881591,DOT/USD
2025-09-14 19:00:00,4.3331,4.3473,4.3095,4.3301,28115.04907469,DOT/USD
2025-09-14 20:00:00,4.3315,4.35,4.3299,4.3355,3787.75903104,DOT/USD
2025-09-14 21:00:00,4.3328,4.3548,4.3186,4.348,6889.09789877,DOT/USD
2025-09-14 22:00:00,4.3502,4.3716,4.3356,4.3658,4189.84473052,DOT/USD
2025-09-14 23:00:00,4.3607,4.3607,4.3129,4.3227,3260.73287382,DOT/USD
2025-09-15 00:00:00,4.3178,4.3569,4.3178,4.3388,9535.26072405,DOT/USD
2025-09-15 01:00:00,4.3436,4.3442,4.2923,4.3297,4547.82698192,DOT/USD
2025-09-15 02:00:00,4.3358,4.3634,4.331,4.3398,3703.42442976,DOT/USD
2025-09-15 03:00:00,4.3354,4.373,4.3331,4.3712,3378.49000231,DOT/USD
2025-09-15 04:00:00,4.3679,4.3852,4.3552,4.3647,4961.13121116,DOT/USD
2025-09-15 05:00:00,4.3638,4.4002,4.3592,4.4002,9556.43597254,DOT/USD
2025-09-15 06:00:00,4.4007,4.4007,4.31,4.3193,19851.27375842,DOT/USD
2025-09-15 07:00:00,4.3257,4.347,4.2416,4.2558,152748.07607736,DOT/USD
2025-09-15 08:00:00,4.2552,4.2552,4.1425,4.1468,115896.09561939,DOT/USD
2025-09-15 09:00:00,4.1468,4.2005,4.1434,4.195,15626.72451989,DOT/USD
2025-09-15 10:00:00,4.1947,4.209,4.1574,4.2011,8809.59062277,DOT/USD
2025-09-15 11:00:00,4.1985,4.21,4.1771,4.1933,13402.86719177,DOT/USD
2025-09-15 12:00:00,4.1935,4.2062,4.1621,4.1621,10964.25073618,DOT/USD
2025-09-15 13:00:00,4.1674,4.2011,4.1596,4.1838,15080.23426665,DOT/USD
2025-09-15 14:00:00,4.1838,4.1873,4.1502,4.1533,6418.83829103,DOT/USD
2025-09-15 15:00:00,4.1536,4.1639,4.1181,4.1455,7074.68102217,DOT/USD
2025-09-15 16:00:00,4.1452,4.151,4.107,4.117,9623.62942958,DOT/USD
2025-09-15 17:00:00,4.1178,4.14,4.1139,4.14,5944.8822172,DOT/USD
2025-09-15 18:00:00,4.1388,4.1485,4.119,4.1477,5285.24751526,DOT/USD
2025-09-15 19:00:00,4.1493,4.1587,4.1302,4.1421,6093.88120302,DOT/USD
2025-09-15 20:00:00,4.1436,4.166,4.1436,4.1637,8019.14061595,DOT/USD
2025-09-15 21:00:00,4.1658,4.1782,4.1546,4.172,18102.65296205,DOT/USD
2025-09-15 22:00:00,4.1729,4.1785,4.1516,4.1549,1361.41628841,DOT/USD
2025-09-15 23:00:00,4.1515,4.161,4.1411,4.1552,17504.92517795,DOT/USD
2025-09-16 00:00:00,4.1484,4.15,4.1272,4.1354,2408.52010159,DOT/USD
2025-09-16 01:00:00,4.1374,4.164,4.13,4.13,2929.91567748,DOT/USD
2025-09-16 02:00:00,4.1308,4.148,4.1251,4.1267,4520.24471857,DOT/USD
2025-09-16 03:00:00,4.1251,4.1611,4.1251,4.159,7716.46438575,DOT/USD
2025-09-16 04:00:00,4.1591,4.1626,4.113,4.1532,7933.37479987,DOT/USD
2025-09-16 05:00:00,4.1562,4.2011,4.1562,4.2011,26952.17534349,DOT/USD
2025-09-16 06:00:00,4.206,4.2113,4.1464,4.1576,7056.96881132,DOT/USD
2025-09-16 07:00:00,4.1545,4.171,4.149,4.1677,10525.78121509,DOT/USD
2025-09-16 08:00:00,4.1692,4.2222,4.1692,4.2194,52282.86497531,DOT/USD
2025-09-16 09:00:00,4.2211,4.25,4.2183,4.2443,10823.69978506,DOT/USD
2025-09-16 10:00:00,4.2462,4.2487,4.217,4.219,8505.83762927,DOT/USD
2025-09-16 11:00:00,4.2172,4.224,4.202,4.2108,1983.97263725,DOT/USD
2025-09-16 12:00:00,4.2147,4.2201,4.2066,4.2098,813.86671599,DOT/USD
2025-09-16 13:00:00,4.2122,4.2456,4.172,4.2048,24188.4364416,DOT/USD
2025-09-16 14:00:00,4.2052,4.2052,4.1561,4.1861,16173.86950449,DOT/USD
2025-09-16 15:00:00,4.1718,4.2285,4.17,4.2285,6286.61751908,DOT/USD
2025-09-16 16:00:00,4.227,4.2298,4.1977,4.2159,5837.74212355,DOT/USD
2025-09-16 17:00:00,4.2159,4.2865,4.2159,4.266,13313.05693977,DOT/USD
2025-09-16 18:00:00,4.2737,4.2828,4.2548,4.2674,6767.90637823,DOT/USD
2025-09-16 19:00:00,4.2678,4.2782,4.259,4.2776,19798.00317859,DOT/USD
2025-09-16 20:00:00,4.2756,4.2883,4.262,4.2647,22481.06467643,DOT/USD
2025-09-16 21:00:00,4.2656,4.2828,4.2644,4.2828,7161.18288003,DOT/USD
2025-09-16 22:00:00,4.2888,4.2943,4.2772,4.28,8734.83605006,DOT/USD
2025-09-16 23:00:00,4.28,4.2801,4.25,4.2574,2317.96773018,DOT/USD
2025-09-17 00:00:00,4.2569,4.2578,4.2414,4.2494,13540.90094884,DOT/USD
2025-09-17 01:00:00,4.2475,4.2531,4.2305,4.2355,1321.0269352,DOT/USD
2025-09-17 02:00:00,4.2384,4.262,4.2316,4.2491,3114.51645212,DOT/USD
2025-09-17 03:00:00,4.2492,4.2549,4.2129,4.2187,12823.76694507,DOT/USD
2025-09-17 04:00:00,4.2158,4.2238,4.1851,4.1887,5865.38314405,DOT/USD
2025-09-17 05:00:00,4.1961,4.2127,4.18,4.2127,7801.28558744,DOT/USD
2025-09-17 06:00:00,4.2128,4.2321,4.2056,4.23,14878.45353848,DOT/USD
2025-09-17 07:00:00,4.2299,4.239,4.2257,4.2312,14925.16527177,DOT/USD
2025-09-17 08:00:00,4.2308,4.2308,4.1871,4.1967,11935.14947223,DOT/USD
2025-09-17 09:00:00,4.1913,4.1918,4.1779,4.1795,1973.65646573,DOT/USD
2025-09-17 10:00:00,4.1817,4.1853,4.1641,4.1711,9867.63240017,DOT/USD
2025-09-17 11:00:00,4.1697,4.1924,4.1697,4.1843,1139.53469116,DOT/USD
2025-09-17 12:00:00,4.1822,4.1994,4.1747,4.1925,2207.77493462,DOT/USD
2025-09-17 13:00:00,4.1943,4.1998,4.1767,4.1894,4928.1632462,DOT/USD
2025-09-17 14:00:00,4.1894,4.1972,4.1666,4.1666,8756.17380829,DOT/USD
2025-09-17 15:00:00,4.1658,4.1737,4.1588,4.1718,4455.0389773,DOT/USD
2025-09-17 16:00:00,4.1681,4.1936,4.1426,4.1934,38001.56375798,DOT/USD
2025-09-17 17:00:00,4.1895,4.2331,4.1597,4.1714,18381.32934569,DOT/USD
2025-09-17 18:00:00,4.1577,4.2433,4.1542,4.176,70980.46791615,DOT/USD
2025-09-17 19:00:00,4.1813,4.28,4.1813,4.28,18294.44837868,DOT/USD
2025-09-17 20:00:00,4.2809,4.3392,4.2486,4.2515,14191.89400689,DOT/USD
2025-09-17 21:00:00,4.2519,4.3168,4.2279,4.3053,5763.84645949,DOT/USD
2025-09-17 22:00:00,4.315,4.424,4.315,4.4087,16907.84239583,DOT/USD
2025-09-17 23:00:00,4.4105,4.4283,4.391,4.4031,22583.47700555,DOT/USD
2025-09-18 00:00:00,4.4036,4.4227,4.3803,4.3842,22990.82168257,DOT/USD
2025-09-18 01:00:00,4.3821,4.4663,4.3795,4.4472,32134.69249588,DOT/USD
2025-09-18 02:00:00,4.4493,4.4537,4.4168,4.4537,11733.12422813,DOT/USD
2025-09-18 03:00:00,4.4537,4.4896,4.4465,4.476,11268.35377894,DOT/USD
2025-09-18 04:00:00,4.4783,4.484,4.4611,4.4782,17041.27880391,DOT/USD
2025-09-18 05:00:00,4.474,4.492,4.4544,4.456,10431.25783018,DOT/USD
2025-09-18 06:00:00,4.456,4.4753,4.4207,4.4567,27792.81995811,DOT/USD
2025-09-18 07:00:00,4.46,4.5134,4.4457,4.4888,11047.19500314,DOT/USD
2025-09-18 08:00:00,4.4899,4.5583,4.4789,4.5183,118615.03856968,DOT/USD
2025-09-18 09:00:00,4.5185,4.5393,4.5034,4.5376,33984.02137153,DOT/USD
2025-09-18 10:00:00,4.5378,4.5659,4.5151,4.5363,13621.14300829,DOT/USD
2025-09-18 11:00:00,4.5408,4.5508,4.5215,4.5229,7763.77265556,DOT/USD
2025-09-18 12:00:00,4.5241,4.5428,4.515,4.5399,8085.62228728,DOT/USD
2025-09-18 13:00:00,4.5399,4.5766,4.5269,4.5685,51369.81929596,DOT/USD
2025-09-18 14:00:00,4.5735,4.5753,4.541,4.5648,40002.0564949,DOT/USD
2025-09-18 15:00:00,4.5677,4.5678,4.5431,4.5518,13018.54591362,DOT/USD
2025-09-18 16:00:00,4.55,4.5663,4.5475,4.5539,18616.40959098,DOT/USD
2025-09-18 17:00:00,4.5545,4.59,4.5477,4.5876,21605.66388237,DOT/USD
2025-09-18 18:00:00,4.5862,4.5984,4.5614,4.5916,24965.87545041,DOT/USD
2025-09-18 19:00:00,4.5909,4.5951,4.533,4.566,41800.97337791,DOT/USD
2025-09-18 20:00:00,4.5646,4.571,4.552,4.5675,17769.97253651,DOT/USD
2025-09-18 21:00:00,4.5697,4.571,4.5477,4.5513,20744.58699698,DOT/USD
2025-09-18 22:00:00,4.5502,4.563,4.5352,4.5455,6019.05247149,DOT/USD
2025-09-18 23:00:00,4.5466,4.5466,4.5136,4.5375,22830.35515021,DOT/USD
2025-09-19 00:00:00,4.5399,4.8038,4.5399,4.8021,151001.14896952,DOT/USD
2025-09-19 01:00:00,4.8,4.8786,4.7085,4.7224,128937.48560422,DOT/USD
2025-09-19 02:00:00,4.7208,4.7413,4.6481,4.6853,96608.84827224,DOT/USD
2025-09-19 03:00:00,4.6881,4.7099,4.6165,4.6287,32971.24185315,DOT/USD
2025-09-19 04:00:00,4.6315,4.671,4.5714,4.6685,23884.32918852,DOT/USD
2025-09-19 05:00:00,4.6686,4.673,4.6164,4.6549,13961.04078957,DOT/USD
2025-09-19 06:00:00,4.6464,4.6464,4.579,4.579,49053.38057561,DOT/USD
2025-09-19 07:00:00,4.5858,4.6208,4.5728,4.6068,20419.14886817,DOT/USD
2025-09-19 08:00:00,4.6084,4.6353,4.5934,4.5946,6024.73496222,DOT/USD
2025-09-19 09:00:00,4.5957,4.6264,4.5353,4.5475,30666.3821236,DOT/USD
2025-09-19 10:00:00,4.5493,4.57,4.5343,4.5554,115088.23207892,DOT/USD
2025-09-19 11:00:00,4.5551,4.5551,4.4658,4.4942,163934.85593136,DOT/USD
2025-09-19 12:00:00,4.495,4.526,4.4853,4.487,18808.01698557,DOT/USD
2025-09-19 13:00:00,4.4907,4.5377,4.4824,4.5231,24957.67107366,DOT/USD
2025-09-19 14:00:00,4.5237,4.5308,4.471,4.488,25422.06713208,DOT/USD
2025-09-19 15:00:00,4.4881,4.4938,4.03,4.4411,1638185.00156475,DOT/USD
2025-09-19 16:00:00,4.4411,4.4543,4.4245,4.4467,40784.84638555,DOT/USD
2025-09-19 17:00:00,4.4483,4.45,4.3776,4.3777,28468.18066997,DOT/USD
2025-09-19 18:00:00,4.3809,4.411,4.3532,4.3965,64930.94541538,DOT/USD
2025-09-19 19:00:00,4.3965,4.4194,4.3812,4.3916,16152.84556051,DOT/USD
2025-09-19 20:00:00,4.39,4.4086,4.383,4.3891,14685.83790018,DOT/USD
2025-09-19 21:00:00,4.3897,4.4124,4.3785,4.4124,6616.60052669,DOT/USD
2025-09-19 22:00:00,4.4113,4.4146,4.3916,4.3924,8944.86743769,DOT/USD
2025-09-19 23:00:00,4.3913,4.3928,4.3218,4.3602,25614.19614689,DOT/USD
2025-09-20 00:00:00,4.3556,4.3861,4.3437,4.3861,11054.33123041,DOT/USD
2025-09-20 01:00:00,4.3853,4.3853,4.3524,4.362,5869.25803269,DOT/USD
2025-09-20 02:00:00,4.362,4.362,4.2916,4.3405,27930.62114685,DOT/USD
2025-09-20 03:00:00,4.3397,4.3399,4.3146,4.3355,2159.88292312,DOT/USD
2025-09-20 04:00:00,4.3268,4.3489,4.3268,4.3427,5121.99011433,DOT/USD
2025-09-20 05:00:00,4.3443,4.38,4.3366,4.3783,2573.82813643,DOT/USD
2025-09-20 06:00:00,4.3713,4.3985,4.3562,4.3977,26754.28759726,DOT/USD
2025-09-20 07:00:00,4.3962,4.4141,4.3865,4.4141,927.08585683,DOT/USD
2025-09-20 08:00:00,4.414,4.414,4.361,4.361,6199.51402815,DOT/USD
2025-09-20 09:00:00,4.3631,4.3716,4.3403,4.3461,6999.0312322,DOT/USD
2025-09-20 10:00:00,4.3463,4.3615,4.3424,4.3424,23062.13913769,DOT/USD
2025-09-20 11:00:00,4.3424,4.3642,4.3392,4.3599,19257.12015922,DOT/USD
2025-09-20 12:00:00,4.3577,4.3653,4.3436,4.3543,2328.50123198,DOT/USD
2025-09-20 13:00:00,4.3537,4.3544,4.3308,4.3445,33756.51813639,DOT/USD
2025-09-20 14:00:00,4.3446,4.4016,4.3253,4.4015,12501.08948547,DOT/USD
2025-09-20 15:00:00,4.4015,4.4629,4.3941,4.4012,75689.33135682,DOT/USD
2025-09-20 16:00:00,4.4033,4.4189,4.3813,4.4189,9572.41096152,DOT/USD
2025-09-20 17:00:00,4.4204,4.422,4.3892,4.4042,7361.97314032,DOT/USD
2025-09-20 18:00:00,4.4028,4.4028,4.3567,4.3642,8711.64827074,DOT/USD
2025-09-20 19:00:00,4.3641,4.3736,4.35,4.3595,14229.86334107,DOT/USD
2025-09-20 20:00:00,4.36,4.3835,4.3558,4.3834,6264.99038196,DOT/USD
2025-09-20 21:00:00,4.3834,4.3953,4.3658,4.3667,4874.54545946,DOT/USD
2025-09-20 22:00:00,4.3666,4.3686,4.3513,4.3686,2858.63807872,DOT/USD
2025-09-20 23:00:00,4.3689,4.3689,4.3446,4.3584,2428.63433786,DOT/USD
2025-09-21 00:00:00,4.3583,4.374,4.3432,4.3679,7864.22358134,DOT/USD
2025-09-21 01:00:00,4.3683,4.3683,4.33,4.3349,3890.94041517,DOT/USD
2025-09-21 02:00:00,4.3347,4.3581,4.3263,4.3533,4074.21333661,DOT/USD
2025-09-21 03:00:00,4.3533,4.3617,4.3492,4.3552,1081.2498036,DOT/USD
2025-09-21 04:00:00,4.3579,4.3602,4.3366,4.3396,3688.55530787,DOT/USD
2025-09-21 05:00:00,4.3406,4.3734,4.335,4.3734,531.48774968,DOT/USD
2025-09-21 06:00:00,4.3734,4.3865,4.371,4.3742,1760.72976181,DOT/USD
2025-09-21 07:00:00,4.372,4.3826,4.3604,4.3671,695.48014096,DOT/USD
2025-09-21 08:00:00,4.3707,4.3781,4.352,4.3544,11218.14336911,DOT/USD
2025-09-21 09:00:00,4.3544,4.3566,4.291,4.3197,101150.58840942,DOT/USD
2025-09-21 10:00:00,4.3235,4.3249,4.294,4.2975,79511.54212552,DOT/USD
2025-09-21 11:00:00,4.2964,4.3211,4.2912,4.3075,6306.55738893,DOT/USD
2025-09-21 12:00:00,4.3063,4.339,4.3043,4.3202,4627.75753288,DOT/USD
2025-09-21 13:00:00,4.3184,4.3339,4.3106,4.3237,2998.89832048,DOT/USD
2025-09-21 14:00:00,4.3244,4.3274,4.3018,4.3029,2269.76518275,DOT/USD
2025-09-21 15:00:00,4.3019,4.314,4.27,4.2826,63913.79387187,DOT/USD
2025-09-21 16:00:00,4.2826,4.2897,4.2511,4.2668,16638.16533761,DOT/USD
2025-09-21 17:00:00,4.2656,4.2853,4.2401,4.2834,12775.75305299,DOT/USD
2025-09-21 18:00:00,4.2851,4.3,4.2766,4.3,3757.67533016,DOT/USD
2025-09-21 19:00:00,4.3,4.3,4.2671,4.2885,12926.23007098,DOT/USD
2025-09-21 20:00:00,4.2892,4.2902,4.2646,4.2661,4272.64129191,DOT/USD
2025-09-21 21:00:00,4.2669,4.2906,4.2646,4.2818,1367.74830852,DOT/USD
2025-09-21 22:00:00,4.281,4.2915,4.257,4.2878,4037.50023283,DOT/USD
2025-09-21 23:00:00,4.2877,4.2885,4.259,4.2631,5948.85624392,DOT/USD
2025-09-22 00:00:00,4.263,4.2803,4.1626,4.1769,39542.46232059,DOT/USD
2025-09-22 01:00:00,4.175,4.2104,4.1637,4.1835,34499.57194713,DOT/USD
2025-09-22 02:00:00,4.1821,4.1981,4.0893,4.1227,58317.28099003,DOT/USD
2025-09-22 03:00:00,4.1236,4.1505,4.1236,4.1352,10549.26323201,DOT/USD
2025-09-22 04:00:00,4.134,4.1482,4.128,4.1335,9488.05949071,DOT/USD
2025-09-22 05:00:00,4.1334,4.1352,4.0508,4.0508,30153.35855203,DOT/USD
2025-09-22 06:00:00,4.0505,4.4141,3.8209,4.0129,1113825.04773836,DOT/USD
2025-09-22 07:00:00,4.013,4.0178,3.982,3.982,72248.40532038,DOT/USD
2025-09-22 08:00:00,3.9827,4.0034,3.9438,3.9842,60548.03358432,DOT/USD
2025-09-22 09:00:00,3.9858,3.9858,3.8173,3.9428,831898.91088616,DOT/USD
2025-09-22 10:00:00,3.9441,4.0014,3.9395,3.9982,77735.17610178,DOT/USD
2025-09-22 11:00:00,3.9981,4.415,3.9752,3.9769,771807.92079423,DOT/USD
2025-09-22 12:00:00,3.9786,4.0033,3.9704,3.9984,38558.48040938,DOT/USD
2025-09-22 13:00:00,3.9944,4.0245,3.98,4.0245,25050.57708265,DOT/USD
2025-09-22 14:00:00,4.0245,4.0308,3.9878,3.9944,9038.56347795,DOT/USD
2025-09-22 15:00:00,3.9944,3.998,3.9762,3.9823,9301.19931657,DOT/USD
2025-09-22 16:00:00,3.982,4.0011,3.9722,3.9791,5622.71152183,DOT/USD
2025-09-22 17:00:00,3.9819,3.9928,3.9636,3.9892,32375.11556671,DOT/USD
2025-09-22 18:00:00,3.9872,3.9933,3.9683,3.9683,13283.11182757,DOT/USD
2025-09-22 19:00:00,3.9728,3.9728,3.9364,3.9421,23338.03845309,DOT/USD
2025-09-22 20:00:00,3.948,3.9985,3.9442,3.9985,5936.38190371,DOT/USD
2025-09-22 21:00:00,3.9967,4.0381,3.99,4.0381,49273.42871395,DOT/USD
2025-09-22 22:00:00,4.0365,4.0365,4.0141,4.0202,4777.07558832,DOT/USD
2025-09-22 23:00:00,4.0178,4.0405,4.0161,4.0374,1790.32782187,DOT/USD
2025-09-23 00:00:00,4.0406,4.0669,4.0234,4.0235,51858.49938513,DOT/USD
2025-09-23 01:00:00,4.0248,4.0248,3.9906,3.9906,2627.56634531,DOT/USD
2025-09-23 02:00:00,3.9923,3.9986,3.9602,3.9645,35879.74122796,DOT/USD
2025-09-23 03:00:00,3.9602,4.0321,3.9464,4.0214,13604.07466556,DOT/USD
2025-09-23 04:00:00,4.0316,4.0441,3.9949,4.0044,26361.40474803,DOT/USD
2025-09-23 05:00:00,4.0044,4.0203,3.9909,4.0,2828.3476799,DOT/USD
2025-09-23 06:00:00,3.9999,4.038,3.992,4.0296,11437.425109,DOT/USD
2025-09-23 07:00:00,4.023,4.0447,4.0164,4.0181,26713.54962887,DOT/USD
2025-09-23 08:00:00,4.0263,4.0448,4.017,4.0342,15480.77695838,DOT/USD
2025-09-23 09:00:00,4.0337,4.0402,4.0051,4.016,5031.54384076,DOT/USD
2025-09-23 10:00:00,4.0143,4.035,4.0135,4.0292,26724.90251103,DOT/USD
2025-09-23 11:00:00,4.0267,4.0339,4.0052,4.0233,12761.3257754,DOT/USD
2025-09-23 12:00:00,4.0213,4.043,4.0176,4.0331,20141.98317735,DOT/USD
2025-09-23 13:00:00,4.0292,4.0421,4.0142,4.021,4328.75748869,DOT/USD
2025-09-23 14:00:00,4.022,4.051,4.0135,4.0135,10461.24611704,DOT/USD
2025-09-23 15:00:00,4.0155,4.0464,4.0017,4.0323,3957.93127351,DOT/USD
2025-09-23 16:00:00,4.0323,4.0511,4.0093,4.0418,51313.61949077,DOT/USD
2025-09-23 17:00:00,4.024,4.0291,3.983,3.9851,14060.81695596,DOT/USD
2025-09-23 18:00:00,3.9851,4.0008,3.9626,3.9715,9981.20749765,DOT/USD
2025-09-23 19:00:00,3.9774,3.996,3.9625,3.9665,11609.40542099,DOT/USD
2025-09-23 20:00:00,3.9662,3.9894,3.962,3.9875,2266.20054333,DOT/USD
2025-09-23 21:00:00,3.9921,4.0171,3.9821,4.0122,7307.3439413,DOT/USD
2025-09-23 22:00:00,4.0033,4.0063,3.9872,3.9935,2813.79681737,DOT/USD
2025-09-23 23:00:00,3.9925,4.0009,3.9664,3.9664,14462.81338406,DOT/USD
2025-09-24 00:00:00,3.9674,4.0044,3.9606,3.9748,15262.15563743,DOT/USD
2025-09-24 01:00:00,3.9772,4.0217,3.9702,4.0208,17076.93513244,DOT/USD
2025-09-24 02:00:00,4.0202,4.0209,3.9927,4.0012,10466.64893836,DOT/USD
2025-09-24 03:00:00,3.9995,4.0074,3.9336,3.9427,15605.61654906,DOT/USD
2025-09-24 04:00:00,3.9431,4.0033,3.894,3.9771,128416.53555509,DOT/USD
2025-09-24 05:00:00,3.9747,4.0349,3.9747,4.0349,9089.96186842,DOT/USD
2025-09-24 06:00:00,4.0283,4.0442,4.0211,4.0372,6386.18237017,DOT/USD
2025-09-24 07:00:00,4.0385,4.0385,4.0199,4.0292,16234.22275777,DOT/USD
2025-09-24 08:00:00,4.0321,4.0398,4.0282,4.0382,8305.21682068,DOT/USD
2025-09-24 09:00:00,4.0375,4.0488,3.9959,4.0402,457847.69089446,DOT/USD
2025-09-24 10:00:00,4.0387,4.0529,4.0387,4.0524,52275.00846347,DOT/USD
2025-09-24 11:00:00,4.0541,4.0787,4.0541,4.0679,27879.61987529,DOT/USD
2025-09-24 12:00:00,4.0684,4.0743,4.052,4.0568,11575.62291045,DOT/USD
2025-09-24 13:00:00,4.0645,4.08,4.0538,4.0559,14069.43358587,DOT/USD
2025-09-24 14:00:00,4.0545,4.1125,4.0545,4.0946,10909.24744965,DOT/USD
2025-09-24 15:00:00,4.0996,4.0996,4.0586,4.065,39775.11666198,DOT/USD
2025-09-24 16:00:00,4.0647,4.0733,4.0529,4.0608,16193.92624593,DOT/USD
2025-09-24 17:00:00,4.0637,4.0656,4.0488,4.0545,3951.96842722,DOT/USD
2025-09-24 18:00:00,4.0558,4.0711,4.0405,4.0461,94563.73601178,DOT/USD
2025-09-24 19:00:00,4.0461,4.0466,4.0284,4.045,6048.28271045,DOT/USD
2025-09-24 20:00:00,4.0428,4.0496,4.02,4.0305,19119.36728542,DOT/USD
2025-09-24 21:00:00,4.0338,4.0396,3.989,3.9953,3531.87207393,DOT/USD
2025-09-24 22:00:00,4.0089,4.0184,4.0046,4.006,6763.82642441,DOT/USD
2025-09-24 23:00:00,4.0062,4.0087,3.9841,3.9955,3308.58300612,DOT/USD
2025-09-25 00:00:00,3.9954,4.0056,3.9613,3.9691,5170.65028334,DOT/USD
2025-09-25 01:00:00,3.974,3.9802,3.9482,3.9564,9228.08288767,DOT/USD
2025-09-25 02:00:00,3.958,3.9963,3.9404,3.9905,15029.89404726,DOT/USD
2025-09-25 03:00:00,3.9829,3.9829,3.9309,3.9503,7475.24482662,DOT/USD
2025-09-25 04:00:00,3.9515,3.9617,3.88,3.9022,49863.89610713,DOT/USD
2025-09-25 05:00:00,3.901,3.9461,3.8873,3.9429,6321.0805193,DOT/USD
2025-09-25 06:00:00,3.9406,3.9406,3.9045,3.908,19131.74140899,DOT/USD
2025-09-25 07:00:00,3.9066,3.9361,3.9048,3.9062,11181.69291229,DOT/USD
2025-09-25 08:00:00,3.9083,3.9291,3.8945,3.9195,37317.6427996,DOT/USD
2025-09-25 09:00:00,3.918,3.954,3.9134,3.9153,5207.16505918,DOT/USD
2025-09-25 10:00:00,3.9175,3.9419,3.9175,3.9195,14044.35195339,DOT/USD
2025-09-25 11:00:00,3.9205,3.9288,3.898,3.903,8791.06183701,DOT/USD
2025-09-25 12:00:00,3.9041,3.9196,3.8306,3.9012,46315.41625148,DOT/USD
2025-09-25 13:00:00,3.9036,3.9636,3.8828,3.9167,22117.38042695,DOT/USD
2025-09-25 14:00:00,3.9167,3.9883,3.9167,3.9565,13199.10241943,DOT/USD
2025-09-25 15:00:00,3.9569,3.9579,3.918,3.9312,6977.97601258,DOT/USD
2025-09-25 16:00:00,3.934,3.9358,3.867,3.8737,25537.17519618,DOT/USD
2025-09-25 17:00:00,3.872,3.8797,3.78,3.7933,60426.34090113,DOT/USD
2025-09-25 18:00:00,3.796,3.8932,3.7829,3.8932,44337.88532204,DOT/USD
2025-09-25 19:00:00,3.8926,3.9089,3.8593,3.8593,6750.53461529,DOT/USD
2025-09-25 20:00:00,3.8602,3.8669,3.819,3.8234,27231.74971419,DOT/USD
2025-09-25 21:00:00,3.8259,3.859,3.8127,3.8502,10277.99534678,DOT/USD
2025-09-25 22:00:00,3.8525,3.8723,3.8201,3.8294,5759.22977818,DOT/USD
2025-09-25 23:00:00,3.8294,3.8515,3.7775,3.8016,42955.39017929,DOT/USD
2025-09-26 00:00:00,3.8016,3.8543,3.7988,3.8508,11155.94989456,DOT/USD
2025-09-26 01:00:00,3.853,3.8582,3.8343,3.8432,5406.55579605,DOT/USD
2025-09-26 02:00:00,3.8431,3.862,3.8262,3.8273,3439.32923104,DOT/USD
2025-09-26 03:00:00,3.8273,3.8388,3.8113,3.837,4530.44177802,DOT/USD
2025-09-26 04:00:00,3.8383,3.8508,3.823,3.832,7549.11836315,DOT/USD
2025-09-26 05:00:00,3.8323,3.859,3.8256,3.8292,10934.01928265,DOT/USD
2025-09-26 06:00:00,3.8288,3.8488,3.8072,3.82,27988.01858932,DOT/USD
2025-09-26 07:00:00,3.8229,3.8454,3.8066,3.8309,13661.2206563,DOT/USD
2025-09-26 08:00:00,3.8414,3.8532,3.8367,3.8395,2219.59109618,DOT/USD
2025-09-26 09:00:00,3.8397,3.8473,3.8087,3.8216,2571.72260926,DOT/USD
2025-09-26 10:00:00,3.8223,3.8239,3.7869,3.8066,17071.84333498,DOT/USD
2025-09-26 11:00:00,3.7999,3.8324,3.7801,3.822,23076.53821709,DOT/USD
2025-09-26 12:00:00,3.8202,3.8814,3.7882,3.8691,18170.4721878,DOT/USD
2025-09-26 13:00:00,3.8682,3.9047,3.855,3.8915,36114.45946128,DOT/USD
2025-09-26 14:00:00,3.8919,3.8921,3.8555,3.8673,12025.19707475,DOT/USD
2025-09-26 15:00:00,3.869,3.9088,3.869,3.9009,17565.77328369,DOT/USD
2025-09-26 16:00:00,3.9023,3.9411,3.9007,3.9368,19891.08977224,DOT/USD
2025-09-26 17:00:00,3.9357,3.968,3.9328,3.9606,5745.73117549,DOT/USD
2025-09-26 18:00:00,3.9593,3.9697,3.95,3.959,5213.4133187,DOT/USD
2025-09-26 19:00:00,3.9548,3.9548,3.9082,3.9252,3438.19050871,DOT/USD
2025-09-26 20:00:00,3.9221,3.9389,3.913,3.9213,8394.92620073,DOT/USD
2025-09-26 21:00:00,3.9149,3.9274,3.9101,3.9272,861.29575035,DOT/USD
2025-09-26 22:00:00,3.9272,3.941,3.9262,3.9299,2649.24153007,DOT/USD
2025-09-26 23:00:00,3.9231,3.927,3.9146,3.927,895.42897926,DOT/USD
2025-09-27 00:00:00,3.9223,3.9251,3.9122,3.9229,978.47149743,DOT/USD
2025-09-27 01:00:00,3.9234,3.9234,3.9033,3.91,2120.27581891,DOT/USD
2025-09-27 02:00:00,3.9101,3.9136,3.9044,3.9051,3089.86359841,DOT/USD
2025-09-27 03:00:00,3.9051,3.9213,3.9051,3.9116,413.99495206,DOT/USD
2025-09-27 04:00:00,3.9106,3.9184,3.9,3.9067,31789.94390067,DOT/USD
2025-09-27 05:00:00,3.9057,3.9057,3.887,3.9013,8289.0224211,DOT/USD
2025-09-27 06:00:00,3.9012,3.9012,3.8881,3.8945,3533.73416643,DOT/USD
2025-09-27 07:00:00,3.8958,3.9009,3.8782,3.888,2969.99401628,DOT/USD
2025-09-27 08:00:00,3.8884,3.8884,3.8638,3.8638,3046.72972521,DOT/USD
2025-09-27 09:00:00,3.8688,3.8786,3.8537,3.878,2725.34499898,DOT/USD
2025-09-27 10:00:00,3.8773,3.8892,3.8746,3.8836,10393.85794953,DOT/USD
2025-09-27 11:00:00,3.8819,3.8838,3.8782,3.8794,562.59440923,DOT/USD
2025-09-27 12:00:00,3.88,3.8892,3.8715,3.8864,75073.53071574,DOT/USD
2025-09-27 13:00:00,3.8898,3.894,3.8845,3.8877,2472.09215531,DOT/USD
2025-09-27 14:00:00,3.8861,3.8873,3.8768,3.8824,819.72467538,DOT/USD
2025-09-27 15:00:00,3.8776,3.8975,3.8714,3.8975,4451.76338922,DOT/USD
2025-09-27 16:00:00,3.8973,3.8974,3.8818,3.8818,4064.25955378,DOT/USD
2025-09-27 17:00:00,3.8829,3.8831,3.8573,3.8677,14615.05504261,DOT/USD
2025-09-27 18:00:00,3.8681,3.8725,3.8568,3.8725,5915.92950498,DOT/USD
2025-09-27 19:00:00,3.8742,3.8778,3.8683,3.8778,4059.83367082,DOT/USD
2025-09-27 20:00:00,3.8786,3.8816,3.8701,3.875,1747.45063308,DOT/USD
2025-09-27 21:00:00,3.8764,3.8936,3.8722,3.893,9768.16253216,DOT/USD
2025-09-27 22:00:00,3.8932,3.916,3.892,3.9028,3232.63926884,DOT/USD
2025-09-27 23:00:00,3.9008,3.9075,3.8901,3.8914,4828.88849247,DOT/USD
2025-09-28 00:00:00,3.8914,3.8931,3.8592,3.8592,9687.79715782,DOT/USD
2025-09-28 01:00:00,3.8604,3.8605,3.8286,3.833,25446.42880331,DOT/USD
2025-09-28 02:00:00,3.8318,3.8452,3.8286,3.8334,2891.66338136,DOT/USD
2025-09-28 03:00:00,3.8334,3.8417,3.8259,3.8379,2006.03785789,DOT/USD
2025-09-28 04:00:00,3.8379,3.8379,3.8228,3.8262,13744.19852586,DOT/USD
2025-09-28 05:00:00,3.8303,3.8395,3.8195,3.8274,6586.69481378,DOT/USD
2025-09-28 06:00:00,3.8266,3.8311,3.81,3.8208,1818.11368502,DOT/USD
2025-09-28 07:00:00,3.8208,3.8328,3.8123,3.8328,3192.28403464,DOT/USD
2025-09-28 08:00:00,3.8297,3.8339,3.8063,3.8119,12446.71841949,DOT/USD
2025-09-28 09:00:00,3.8114,3.8178,3.802,3.8074,1960.50099199,DOT/USD
2025-09-28 10:00:00,3.8067,3.8225,3.7972,3.8209,7237.53394442,DOT/USD
2025-09-28 11:00:00,3.8222,3.8222,3.8032,3.8116,1666.71001664,DOT/USD
2025-09-28 12:00:00,3.8117,3.8156,3.8001,3.8108,1264.38646656,DOT/USD
2025-09-28 13:00:00,3.8112,3.866,3.8087,3.8629,4704.3893701,DOT/USD
2025-09-28 14:00:00,3.8644,3.8672,3.8569,3.8652,12290.63832693,DOT/USD
2025-09-28 15:00:00,3.867,3.8711,3.8565,3.865,6935.47804087,DOT/USD
2025-09-28 16:00:00,3.865,3.8934,3.865,3.88,15344.42099326,DOT/USD
2025-09-28 17:00:00,3.8799,3.8937,3.876,3.8868,4992.94143206,DOT/USD
2025-09-28 18:00:00,3.8868,3.9076,3.8859,3.9076,9398.91943377,DOT/USD
2025-09-28 19:00:00,3.9087,3.912,3.89,3.8988,23753.56023639,DOT/USD
2025-09-28 20:00:00,3.8988,3.9427,3.8987,3.9367,19102.20187375,DOT/USD
2025-09-28 21:00:00,3.9395,3.9589,3.9391,3.9589,8951.08287689,DOT/USD
2025-09-28 22:00:00,3.9603,4.0255,3.9603,4.0049,5471.42385945,DOT/USD
2025-09-28 23:00:00,4.0046,4.0073,3.9905,3.9952,13313.13623804,DOT/USD
2025-09-29 00:00:00,3.9993,4.0079,3.9819,3.9897,21881.90476119,DOT/USD
2025-09-29 01:00:00,3.9888,3.9938,3.9643,3.9643,8797.22853728,DOT/USD
2025-09-29 02:00:00,3.9682,3.9929,3.9642,3.9823,4744.002636,DOT/USD
2025-09-29 03:00:00,3.9823,3.9866,3.9708,3.9866,511.40355085,DOT/USD
2025-09-29 04:00:00,3.9878,3.99,3.9739,3.9774,9914.06625425,DOT/USD
2025-09-29 05:00:00,3.9809,3.9824,3.9498,3.9638,8179.7902644,DOT/USD
2025-09-29 06:00:00,3.9603,3.9626,3.9417,3.9417,2814.30064739,DOT/USD
2025-09-29 07:00:00,3.9441,3.9491,3.9285,3.9452,2110.03692841,DOT/USD
2025-09-29 08:00:00,3.9462,3.9922,3.9393,3.99,40244.16011973,DOT/USD
2025-09-29 09:00:00,3.9922,4.0016,3.9665,3.971,15477.73036597,DOT/USD
2025-09-29 10:00:00,3.971,3.983,3.95,3.95,13702.28552208,DOT/USD
2025-09-29 11:00:00,3.9503,3.9516,3.9213,3.9369,103581.25873521,DOT/USD
2025-09-29 12:00:00,3.9323,3.9432,3.9002,3.907,15217.68050697,DOT/USD
2025-09-29 13:00:00,3.908,3.9545,3.8658,3.9475,54784.62305509,DOT/USD
2025-09-29 14:00:00,3.9449,4.0023,3.944,3.9883,83473.53611393,DOT/USD
2025-09-29 15:00:00,3.9896,4.0001,3.9594,3.9594,8731.49662063,DOT/USD
2025-09-29 16:00:00,3.96,3.9792,3.9373,3.9373,3444.71692709,DOT/USD
2025-09-29 17:00:00,3.9408,3.9621,3.9242,3.9607,7282.43448491,DOT/USD
2025-09-29 18:00:00,3.9618,3.9622,3.9417,3.9488,6685.86499397,DOT/USD
2025-09-29 19:00:00,3.9513,3.9797,3.951,3.9754,3419.24054681,DOT/USD
2025-09-29 20:00:00,3.9774,4.0188,3.9774,4.0158,53804.93544782,DOT/USD
2025-09-29 21:00:00,4.0159,4.0195,3.9971,4.0004,3529.41320172,DOT/USD
2025-09-29 22:00:00,3.9952,4.0078,3.986,4.001,5860.19939641,DOT/USD
2025-09-29 23:00:00,3.9941,3.9941,3.9804,3.9815,8654.01466466,DOT/USD
2025-09-30 00:00:00,3.9849,3.9902,3.9523,3.9556,7058.00987445,DOT/USD
2025-09-30 01:00:00,3.9524,3.971,3.9333,3.9405,4818.81246159,DOT/USD
2025-09-30 02:00:00,3.9401,3.9523,3.9324,3.935,1251.59832643,DOT/USD
2025-09-30 03:00:00,3.9342,3.952,3.9329,3.935,2698.32262762,DOT/USD
2025-09-30 04:00:00,3.934,3.9389,3.9284,3.9284,6201.19471406,DOT/USD
2025-09-30 05:00:00,3.9264,3.9352,3.9177,3.9348,1411.66483172,DOT/USD
2025-09-30 06:00:00,3.9231,3.94,3.9207,3.9256,12858.99959749,DOT/USD
2025-09-30 07:00:00,3.9255,3.9338,3.8891,3.9027,52768.33281639,DOT/USD
2025-09-30 08:00:00,3.9022,3.9033,3.8901,3.8901,3457.39051761,DOT/USD
2025-09-30 09:00:00,3.8896,3.8896,3.865,3.865,11324.78262488,DOT/USD
2025-09-30 10:00:00,3.865,3.8827,3.862,3.8784,3556.29495734,DOT/USD
2025-09-30 11:00:00,3.8784,3.9054,3.8655,3.9054,7009.94584611,DOT/USD
2025-09-30 12:00:00,3.9001,3.9001,3.882,3.882,3029.43294276,DOT/USD
2025-09-30 13:00:00,3.8788,3.9028,3.87,3.8825,4762.01782062,DOT/USD
2025-09-30 14:00:00,3.8823,3.8869,3.858,3.8796,18921.96182633,DOT/USD
2025-09-30 15:00:00,3.8776,3.8783,3.8109,3.8376,33810.1471169,DOT/USD
2025-09-30 16:00:00,3.8371,3.8371,3.8101,3.8226,3622.64511102,DOT/USD
2025-09-30 17:00:00,3.8232,3.839,3.8166,3.817,12338.31409588,DOT/USD
2025-09-30 18:00:00,3.816,3.8574,3.8119,3.8486,6598.5512991,DOT/USD
2025-09-30 19:00:00,3.8492,3.9018,3.842,3.8972,9130.26984811,DOT/USD
2025-09-30 20:00:00,3.8995,3.927,3.8961,3.9269,7134.542324,DOT/USD
2025-09-30 21:00:00,3.9225,3.9339,3.9024,3.9024,11093.24771896,DOT/USD
2025-09-30 22:00:00,3.911,3.925,3.8957,3.8957,7169.35325912,DOT/USD
2025-09-30 23:00:00,3.8873,3.9073,3.8825,3.9073,2928.06973323,DOT/USD
2025-10-01 00:00:00,3.9091,3.9196,3.8839,3.902,9358.18803989,DOT/USD
2025-10-01 01:00:00,3.8992,3.9344,3.8968,3.9344,3301.40892302,DOT/USD
2025-10-01 02:00:00,3.9344,3.9368,3.9178,3.9184,6071.74471277,DOT/USD
2025-10-01 03:00:00,3.9161,3.9188,3.8932,3.8942,1360.05591001,DOT/USD
2025-10-01 04:00:00,3.8917,3.9258,3.8917,3.9227,1268.02488708,DOT/USD
2025-10-01 05:00:00,3.9111,3.9332,3.9111,3.9232,13706.07221439,DOT/USD
2025-10-01 06:00:00,3.9221,3.9234,3.8924,3.8924,2590.10802993,DOT/USD
2025-10-01 07:00:00,3.8957,3.9212,3.8939,3.9158,1951.98252731,DOT/USD
2025-10-01 08:00:00,3.9141,4.0766,3.9137,4.0726,53637.11306557,DOT/USD
2025-10-01 09:00:00,4.0755,4.1209,4.0734,4.1097,132496.47909813,DOT/USD
2025-10-01 10:00:00,4.1056,4.1071,4.0739,4.0793,62840.30786713,DOT/USD
2025-10-01 11:00:00,4.0854,4.1013,4.077,4.0823,11748.58307592,DOT/USD
2025-10-01 12:00:00,4.0857,4.0857,4.0446,4.0455,13567.5286923,DOT/USD
2025-10-01 13:00:00,4.0457,4.0704,4.0456,4.0522,14777.44771432,DOT/USD
2025-10-01 14:00:00,4.0534,4.0887,4.0496,4.0691,6892.95777179,DOT/USD
2025-10-01 15:00:00,4.0717,4.083,4.0537,4.0712,8097.19129066,DOT/USD
2025-10-01 16:00:00,4.0745,4.0856,4.0561,4.0612,29059.58147617,DOT/USD
2025-10-01 17:00:00,4.0602,4.0724,4.0526,4.0587,27313.34805454,DOT/USD
2025-10-01 18:00:00,4.0609,4.1034,4.0609,4.0993,8846.81358885,DOT/USD
2025-10-01 19:00:00,4.0986,4.1264,4.097,4.116,13879.92291299,DOT/USD
2025-10-01 20:00:00,4.1131,4.1164,4.0986,4.1043,10898.10404976,DOT/USD
2025-10-01 21:00:00,4.1081,4.1081,4.0865,4.0927,5387.78603181,DOT/USD
2025-10-01 22:00:00,4.0981,4.1091,4.0901,4.1002,7779.16637051,DOT/USD
2025-10-01 23:00:00,4.0962,4.1242,4.0962,4.1227,10160.9921096,DOT/USD
2025-10-02 00:00:00,4.1266,4.1416,4.1062,4.1062,8975.95341017,DOT/USD
2025-10-02 01:00:00,4.105,4.16,4.1031,4.16,8266.40305642,DOT/USD
2025-10-02 02:00:00,4.1588,4.1858,4.1457,4.1807,4955.89153949,DOT/USD
2025-10-02 03:00:00,4.1799,4.184,4.1742,4.1753,1868.3084324,DOT/USD
2025-10-02 04:00:00,4.178,4.197,4.1596,4.197,103052.97074975,DOT/USD
2025-10-02 05:00:00,4.1979,4.211,4.185,4.204,8203.59504099,DOT/USD
2025-10-02 06:00:00,4.2044,4.2498,4.2016,4.2254,25077.64604409,DOT/USD
2025-10-02 07:00:00,4.2268,4.2344,4.1972,4.1972,5065.45824708,DOT/USD
2025-10-02 08:00:00,4.1973,4.2051,4.1852,4.1969,2566.70438316,DOT/USD
2025-10-02 09:00:00,4.1963,4.2137,4.1866,4.2105,3883.57665211,DOT/USD
2025-10-02 10:00:00,4.2105,4.2476,4.2099,4.2392,12829.24275209,DOT/USD
2025-10-02 11:00:00,4.2422,4.27,4.2371,4.2548,48370.91366337,DOT/USD
2025-10-02 12:00:00,4.2489,4.2844,4.2486,4.272,14536.31003169,DOT/USD
2025-10-02 13:00:00,4.2762,4.3145,4.2466,4.2815,36652.25144659,DOT/USD
2025-10-02 14:00:00,4.2816,4.2916,4.1935,4.2128,119714.07228384,DOT/USD
2025-10-02 15:00:00,4.2128,4.2446,4.1771,4.2446,28223.44066308,DOT/USD
2025-10-02 16:00:00,4.2421,4.2787,4.2357,4.267,17382.88369674,DOT/USD
2025-10-02 17:00:00,4.2695,4.3077,4.2599,4.2965,24396.33375751,DOT/USD
2025-10-02 18:00:00,4.2976,4.3435,4.2976,4.3183,112588.59095372,DOT/USD
2025-10-02 19:00:00,4.3205,4.3337,4.3145,4.3217,6834.8880627,DOT/USD
2025-10-02 20:00:00,4.3217,4.328,4.2933,4.3148,26530.09017974,DOT/USD
2025-10-02 21:00:00,4.3161,4.3273,4.3043,4.3043,30455.37621792,DOT/USD
2025-10-02 22:00:00,4.3083,4.3158,4.2964,4.3028,6397.16609063,DOT/USD
2025-10-02 23:00:00,4.3007,4.3111,4.2888,4.3111,4791.82315498,DOT/USD
2025-10-03 00:00:00,4.3036,4.3052,4.2529,4.2586,13345.14889845,DOT/USD
2025-10-03 01:00:00,4.2589,4.2698,4.2274,4.2328,15894.38086079,DOT/USD
2025-10-03 02:00:00,4.231,4.259,4.2301,4.2386,7025.16238129,DOT/USD
2025-10-03 03:00:00,4.2443,4.277,4.2404,4.2412,2808.61099946,DOT/USD
2025-10-03 04:00:00,4.2412,4.2849,4.2412,4.267,10408.39432907,DOT/USD
2025-10-03 05:00:00,4.2689,4.2689,4.222,4.2232,7806.48992026,DOT/USD
2025-10-03 06:00:00,4.2316,4.2456,4.1938,4.2137,10937.46377546,DOT/USD
2025-10-03 07:00:00,4.213,4.2138,4.1936,4.2043,3882.99091798,DOT/USD
2025-10-03 08:00:00,4.2046,4.2307,4.183,4.2296,10508.02786859,DOT/USD
2025-10-03 09:00:00,4.227,4.2347,4.2094,4.2347,10372.18886457,DOT/USD
2025-10-03 10:00:00,4.2271,4.2464,4.2208,4.2378,9641.26075425,DOT/USD
2025-10-03 11:00:00,4.2377,4.2402,4.2212,4.2287,2049.43853542,DOT/USD
2025-10-03 12:00:00,4.2259,4.2437,4.2223,4.2437,15605.84328254,DOT/USD
2025-10-03 13:00:00,4.2301,4.2792,4.2037,4.2646,11354.50084311,DOT/USD
2025-10-03 14:00:00,4.2638,4.2766,4.2083,4.267,19200.62116288,DOT/USD
2025-10-03 15:00:00,4.263,4.32,4.2525,4.32,28334.84119462,DOT/USD
2025-10-03 16:00:00,4.3219,4.3808,4.3163,4.3163,30714.59579387,DOT/USD
2025-10-03 17:00:00,4.315,4.315,4.2392,4.271,30034.79274715,DOT/USD
2025-10-03 18:00:00,4.2668,4.3177,4.2479,4.3177,9767.15946383,DOT/USD
2025-10-03 19:00:00,4.3177,4.3441,4.3089,4.3199,10808.16375733,DOT/USD
2025-10-03 20:00:00,4.3171,4.336,4.2997,4.3326,10742.1487935,DOT/USD
2025-10-03 21:00:00,4.3373,4.341,4.3252,4.3293,5649.10693238,DOT/USD
2025-10-03 22:00:00,4.3391,4.3456,4.3347,4.3347,781.67951687,DOT/USD
2025-10-03 23:00:00,4.3343,4.3373,4.3186,4.3217,852.36927206,DOT/USD
2025-10-04 00:00:00,4.3242,4.3304,4.2973,4.317,6508.95092561,DOT/USD
2025-10-04 01:00:00,4.3165,4.3165,4.2701,4.2794,7218.37106102,DOT/USD
2025-10-04 02:00:00,4.2798,4.2936,4.2615,4.2936,3847.94414211,DOT/USD
2025-10-04 03:00:00,4.293,4.2936,4.2552,4.2716,2169.15752385,DOT/USD
2025-10-04 04:00:00,4.2733,4.2801,4.2544,4.2635,19342.65901099,DOT/USD
2025-10-04 05:00:00,4.2648,4.2927,4.2591,4.2858,39034.49182277,DOT/USD
2025-10-04 06:00:00,4.2863,4.3102,4.2842,4.2963,2831.05204448,DOT/USD
2025-10-04 07:00:00,4.2946,4.2969,4.2686,4.2812,5176.77043282,DOT/USD
2025-10-04 08:00:00,4.2811,4.2812,4.231,4.2351,14545.44644076,DOT/USD
2025-10-04 09:00:00,4.2367,4.2519,4.2094,4.2141,13369.65240009,DOT/USD
2025-10-04 10:00:00,4.2096,4.2286,4.2,4.2012,37025.68313924,DOT/USD
2025-10-04 11:00:00,4.2027,4.2169,4.1936,4.2166,2721.30569747,DOT/USD
2025-10-04 12:00:00,4.2077,4.2232,4.1992,4.1992,2970.59746508,DOT/USD
2025-10-04 13:00:00,4.217,4.2482,4.217,4.2234,20244.03375358,DOT/USD
2025-10-04 14:00:00,4.2248,4.2337,4.1817,4.1817,6105.2029636,DOT/USD
2025-10-04 15:00:00,4.182,4.1903,4.1401,4.1539,50577.23821428,DOT/USD
2025-10-04 16:00:00,4.1541,4.1704,4.1399,4.1686,5641.45225407,DOT/USD
2025-10-04 17:00:00,4.1696,4.1841,4.1616,4.1732,5142.05411078,DOT/USD
2025-10-04 18:00:00,4.1742,4.1781,4.1559,4.1577,2566.52310209,DOT/USD
2025-10-04 19:00:00,4.159,4.1773,4.159,4.1773,3573.04469285,DOT/USD
2025-10-04 20:00:00,4.178,4.1924,4.1754,4.1754,16280.85831939,DOT/USD
2025-10-04 21:00:00,4.1712,4.197,4.1712,4.1862,1723.06682245,DOT/USD
2025-10-04 22:00:00,4.189,4.2104,4.1807,4.2,1976.28797773,DOT/USD
2025-10-04 23:00:00,4.2002,4.2073,4.1938,4.195,4689.30431895,DOT/USD
2025-10-05 00:00:00,4.193,4.2105,4.169,4.169,1664.18112263,DOT/USD
2025-10-05 01:00:00,4.171,4.2004,4.171,4.1976,2269.67420221,DOT/USD
2025-10-05 02:00:00,4.1961,4.2616,4.1925,4.2616,7648.09213825,DOT/USD
2025-10-05 03:00:00,4.2654,4.2786,4.2473,4.2473,10592.42381598,DOT/USD
2025-10-05 04:00:00,4.2493,4.3,4.2423,4.2899,34203.18623492,DOT/USD
2025-10-05 05:00:00,4.2914,4.3128,4.2859,4.3054,22498.92558462,DOT/USD
2025-10-05 06:00:00,4.3053,4.3054,4.2798,4.2831,11763.58646791,DOT/USD
2025-10-05 07:00:00,4.2831,4.3522,4.2831,4.3522,15387.81465468,DOT/USD
2025-10-05 08:00:00,4.3525,4.3725,4.317,4.3234,117627.18464553,DOT/USD
2025-10-05 09:00:00,4.3247,4.3248,4.2786,4.279,6035.63973188,DOT/USD
2025-10-05 10:00:00,4.276,4.2847,4.2489,4.265,19396.12900384,DOT/USD
2025-10-05 11:00:00,4.2605,4.2675,4.2339,4.2655,3059.78690455,DOT/USD
2025-10-05 12:00:00,4.2655,4.2655,4.2297,4.2308,2648.71133565,DOT/USD
2025-10-05 13:00:00,4.2298,4.253,4.2295,4.2412,2102.89472591,DOT/USD
2025-10-05 14:00:00,4.2438,4.2651,4.218,4.2307,10267.98904582,DOT/USD
2025-10-05 15:00:00,4.2274,4.2509,4.2266,4.2422,4187.57327022,DOT/USD
2025-10-05 16:00:00,4.2432,4.2519,4.2012,4.2416,22326.62414271,DOT/USD
2025-10-05 17:00:00,4.2404,4.2454,4.165,4.1743,28374.89549283,DOT/USD
2025-10-05 18:00:00,4.1742,4.1948,4.1649,4.1873,15261.88626628,DOT/USD
2025-10-05 19:00:00,4.188,4.188,4.0787,4.0978,59534.38444473,DOT/USD
2025-10-05 20:00:00,4.099,4.1338,4.0818,4.126,6020.65814659,DOT/USD
2025-10-05 21:00:00,4.119,4.1332,4.113,4.1257,2142.94193001,DOT/USD
2025-10-05 22:00:00,4.1364,4.1444,4.1234,4.1343,1304.18963581,DOT/USD
2025-10-05 23:00:00,4.1462,4.1483,4.1352,4.1352,2496.8581891,DOT/USD
2025-10-06 00:00:00,4.1353,4.1779,4.115,4.1312,6339.75172355,DOT/USD
2025-10-06 01:00:00,4.1227,4.1685,4.1184,4.149,3498.00680199,DOT/USD
2025-10-06 02:00:00,4.1501,4.1751,4.1301,4.1577,1867.98608721,DOT/USD
2025-10-06 03:00:00,4.1623,4.1665,4.1558,4.1595,576.9634493,DOT/USD
2025-10-06 04:00:00,4.1579,4.165,4.1451,4.1451,1571.55251044,DOT/USD
2025-10-06 05:00:00,4.1451,4.1696,4.1424,4.1696,4870.91916499,DOT/USD
2025-10-06 06:00:00,4.168,4.1925,4.1639,4.1759,16395.3251046,DOT/USD
2025-10-06 07:00:00,4.1772,4.1888,4.1501,4.1623,16340.39826977,DOT/USD
2025-10-06 08:00:00,4.1688,4.1908,4.1673,4.1815,4023.23203613,DOT/USD
2025-10-06 09:00:00,4.1834,4.1954,4.1751,4.1949,10782.35736772,DOT/USD
2025-10-06 10:00:00,4.1949,4.218,4.185,4.218,6919.50243836,DOT/USD
2025-10-06 11:00:00,4.2189,4.2377,4.2078,4.2168,8069.1203697,DOT/USD
2025-10-06 12:00:00,4.2208,4.26,4.2179,4.2561,24553.6134457,DOT/USD
2025-10-06 13:00:00,4.2574,4.4343,4.2574,4.3901,34043.77202232,DOT/USD
2025-10-06 14:00:00,4.3936,4.4107,4.3524,4.3628,43632.56697461,DOT/USD
2025-10-06 15:00:00,4.3659,4.4099,4.3659,4.3799,37387.0387456,DOT/USD
2025-10-06 16:00:00,4.3795,4.3878,4.3549,4.3684,17782.64132474,DOT/USD
2025-10-06 17:00:00,4.3697,4.3999,4.3611,4.3904,10814.36394234,DOT/USD
2025-10-06 18:00:00,4.3848,4.3971,4.3706,4.3971,7762.84468204,DOT/USD
2025-10-06 19:00:00,4.3914,4.4071,4.3805,4.3903,7632.18911865,DOT/USD
2025-10-06 20:00:00,4.3932,4.3984,4.3754,4.3813,20753.64879838,DOT/USD
2025-10-06 21:00:00,4.382,4.395,4.3558,4.3858,8495.36490355,DOT/USD
2025-10-06 22:00:00,4.3875,4.4104,4.3824,4.3957,22713.8722635,DOT/USD
2025-10-06 23:00:00,4.3958,4.4006,4.3805,4.4,11187.53733992,DOT/USD
2025-10-07 00:00:00,4.4,4.4136,4.381,4.4125,7951.37575468,DOT/USD
2025-10-07 01:00:00,4.4103,4.4318,4.388,4.3983,7132.79905045,DOT/USD
2025-10-07 02:00:00,4.3985,4.402,4.3738,4.3768,1276.7350516,DOT/USD
2025-10-07 03:00:00,4.375,4.3879,4.3654,4.3677,10460.61151616,DOT/USD
2025-10-07 04:00:00,4.363,4.3839,4.3322,4.3839,14030.8996976,DOT/USD
2025-10-07 05:00:00,4.3813,4.3838,4.3629,4.3629,3344.6341749,DOT/USD
2025-10-07 06:00:00,4.36,4.3671,4.2976,4.2976,26601.69959156,DOT/USD
2025-10-07 07:00:00,4.2976,4.3158,4.2847,4.2917,7293.40465,DOT/USD
2025-10-07 08:00:00,4.2924,4.3039,4.2529,4.2984,4837.68947134,DOT/USD
2025-10-07 09:00:00,4.3003,4.3138,4.2999,4.3046,17440.06802498,DOT/USD
2025-10-07 10:00:00,4.299,4.3353,4.2939,4.323,4975.53975085,DOT/USD
2025-10-07 11:00:00,4.3199,4.3329,4.3168,4.3325,9893.65445118,DOT/USD
2025-10-07 12:00:00,4.3295,4.3612,4.3196,4.3612,11003.60371135,DOT/USD
2025-10-07 13:00:00,4.3612,4.3623,4.3451,4.3465,11111.03995482,DOT/USD
