timestamp,open,high,low,close,volume,symbol,log_returns,realized_vol
2025-09-08 13:00:00,0.855556,0.863942,0.855348,0.855789,997636.94741357,ADA/USD,0.00027346927497737174,0.3482474930597242
2025-09-08 14:00:00,0.855795,0.865471,0.855319,0.863401,449695.09304181,ADA/USD,0.008855390902754506,0.3739731386125298
2025-09-08 15:00:00,0.863401,0.868134,0.862297,0.865466,270352.70247888,ADA/USD,0.0023888488611448003,0.3738356136312822
2025-09-08 16:00:00,0.866076,0.868222,0.859671,0.861351,414303.69044793,ADA/USD,-0.004766003333620611,0.3737722814355264
2025-09-08 17:00:00,0.860991,0.86697,0.858613,0.861177,184385.37116658,ADA/USD,-0.00020202864695590683,0.364283083891903
2025-09-08 18:00:00,0.861103,0.86803,0.861103,0.867871,171276.97074614,ADA/USD,0.007743027891156782,0.37113705218755655
2025-09-08 19:00:00,0.868123,0.868685,0.860062,0.861184,91215.62908639,ADA/USD,-0.007734899513888681,0.41349655559931103
2025-09-08 20:00:00,0.862188,0.863645,0.858356,0.860886,176034.29019156,ADA/USD,-0.0003460951099253081,0.41257312226959103
2025-09-08 21:00:00,0.860805,0.866079,0.859075,0.866025,182400.21828766,ADA/USD,0.005951685025690443,0.41178910477825703
2025-09-08 22:00:00,0.866569,0.86746,0.864322,0.866,93428.67472842,ADA/USD,-2.886794359407056e-05,0.4005930981034603
2025-09-08 23:00:00,0.866,0.868501,0.86279,0.865126,53055.56827619,ADA/USD,-0.0010097474987495712,0.4024281937368511
2025-09-09 00:00:00,0.865127,0.871924,0.862756,0.869524,163144.53677119,ADA/USD,0.005070774419877152,0.397578960632316
2025-09-09 01:00:00,0.869657,0.874136,0.863983,0.865425,139830.64022268,ADA/USD,-0.004725219734721657,0.4166818952254332
2025-09-09 02:00:00,0.865613,0.865613,0.856,0.857617,140367.34839055,ADA/USD,-0.009063102867577943,0.4393155491640738
2025-09-09 03:00:00,0.857087,0.86806,0.856101,0.867867,106542.43771104,ADA/USD,0.011880864232362221,0.4869552725628533
2025-09-09 04:00:00,0.867501,0.868992,0.863604,0.867086,85468.14297052,ADA/USD,-0.0009003126341223096,0.4785984631404082
2025-09-09 05:00:00,0.866898,0.868692,0.863208,0.868692,53574.3010358,ADA/USD,0.0018504675808497556,0.4784660702177053
2025-09-09 06:00:00,0.868925,0.884002,0.868385,0.882545,710317.10805472,ADA/USD,0.015821146948492952,0.5513824056906355
2025-09-09 07:00:00,0.882824,0.89183,0.881719,0.888079,327289.86510098,ADA/USD,0.00625092399022942,0.5571843887307517
2025-09-09 08:00:00,0.888554,0.890101,0.884632,0.88967,286256.53697582,ADA/USD,0.0017899044519387615,0.5555221036863078
2025-09-09 09:00:00,0.889671,0.894,0.887464,0.887686,108958.8370753,ADA/USD,-0.0022325305949434638,0.5612176084384769
2025-09-09 10:00:00,0.887866,0.889197,0.8823,0.882944,157143.91065232,ADA/USD,-0.005356298421804342,0.5668911602890357
2025-09-09 11:00:00,0.882893,0.886557,0.882463,0.884002,139383.36050001,ADA/USD,0.0011975466442567485,0.5610454811220466
2025-09-09 12:00:00,0.88441,0.892,0.881279,0.882732,340925.08726701,ADA/USD,-0.001437681302052006,0.561530922372703
2025-09-09 13:00:00,0.882944,0.886091,0.87849,0.883861,294585.02606557,ADA/USD,0.0012781666786915314,0.5611573039272421
2025-09-09 14:00:00,0.884325,0.886458,0.862857,0.867595,732436.6405196,ADA/USD,-0.018574794543484773,0.6577222423451252
2025-09-09 15:00:00,0.867991,0.869431,0.85254,0.857596,1424991.08851611,ADA/USD,-0.01159188978512199,0.6932904252767492
2025-09-09 16:00:00,0.857416,0.861484,0.856772,0.860131,446859.01102107,ADA/USD,0.002951577102029626,0.6903699731144299
2025-09-09 17:00:00,0.860102,0.865232,0.858591,0.861434,80679.65814214,ADA/USD,0.0015137392416884451,0.6910125541739627
2025-09-09 18:00:00,0.861593,0.864797,0.8593,0.862934,456316.30327128,ADA/USD,0.001739768284205181,0.6747601461927447
2025-09-09 19:00:00,0.86272,0.865446,0.860142,0.862213,138309.57866181,ADA/USD,-0.0008358708469237377,0.6582357447601592
2025-09-09 20:00:00,0.862218,0.863975,0.859258,0.863783,162589.38303002,ADA/USD,0.00181923994378949,0.6590392528741904
2025-09-09 21:00:00,0.863633,0.86775,0.861717,0.862467,308960.16425507,ADA/USD,-0.0015246925473607175,0.6493357400270874
2025-09-09 22:00:00,0.863029,0.867415,0.861465,0.866644,127535.03597704,ADA/USD,0.004831393849308306,0.656343799404709
2025-09-09 23:00:00,0.867341,0.867341,0.863791,0.864755,92376.72014775,ADA/USD,-0.0021820513348054355,0.6574330039005178
2025-09-10 00:00:00,0.865182,0.866457,0.860314,0.860722,117751.1471796,ADA/USD,-0.004674657899506867,0.6550633655512995
2025-09-10 01:00:00,0.8605,0.866912,0.860101,0.866911,127042.60939378,ADA/USD,0.007164746766563877,0.6646439250278797
2025-09-10 02:00:00,0.867439,0.879205,0.867439,0.876753,178616.96861315,ADA/USD,0.011288992056862412,0.6718065260800181
2025-09-10 03:00:00,0.876513,0.87948,0.873776,0.87785,79857.83177116,ADA/USD,0.0012504254728115348,0.6354606240415309
2025-09-10 04:00:00,0.877378,0.877378,0.871896,0.874098,67079.94420316,ADA/USD,-0.0042832386991197005,0.6415102393024161
2025-09-10 05:00:00,0.87496,0.874999,0.869489,0.872207,111769.87595903,ADA/USD,-0.0021657164574544504,0.6424860470252108
2025-09-10 06:00:00,0.872453,0.8782,0.870601,0.875901,304621.58810825,ADA/USD,0.004226289792588686,0.5688662726305064
2025-09-10 07:00:00,0.875601,0.882516,0.874851,0.880877,529175.32252822,ADA/USD,0.005664931263080265,0.5663950730047616
2025-09-10 08:00:00,0.8801,0.883266,0.877239,0.878045,757906.17127029,ADA/USD,-0.003220156945197748,0.5673089183486524
2025-09-10 09:00:00,0.877459,0.879794,0.875537,0.876425,72139.61195014,ADA/USD,-0.0018467120673440797,0.5669203460113408
2025-09-10 10:00:00,0.876484,0.876484,0.872382,0.87313,67249.93329397,ADA/USD,-0.003766676550033478,0.5625649386601509
2025-09-10 11:00:00,0.873261,0.876425,0.872383,0.87499,130019.56653541,ADA/USD,0.0021280011691420615,0.5638919856567237
2025-09-10 12:00:00,0.875065,0.887883,0.875065,0.886443,544761.6959484,ADA/USD,0.013004367925852632,0.6188571235336346
2025-09-10 13:00:00,0.886444,0.895868,0.884012,0.891753,592463.44329841,ADA/USD,0.005972362758182833,0.6284683425821466
2025-09-10 14:00:00,0.89193,0.896591,0.88642,0.887598,659970.37373639,ADA/USD,-0.004670250616252107,0.5146646782000884
2025-09-10 15:00:00,0.888699,0.891768,0.881323,0.887535,2864332.23397064,ADA/USD,-7.098059697664653e-05,0.45084607373246044
2025-09-10 16:00:00,0.887705,0.907748,0.88261,0.89076,4468897.27088534,ADA/USD,0.003627073725769874,0.451897966147616
2025-09-10 17:00:00,0.890761,0.893687,0.885,0.887925,1047822.91647425,ADA/USD,-0.0031877509516462614,0.4605212986140271
2025-09-10 18:00:00,0.887925,0.889545,0.881477,0.883202,292169.02627242,ADA/USD,-0.0053333399527890485,0.4772488221310345
2025-09-10 19:00:00,0.88311,0.88311,0.872659,0.87683,481589.00013851,ADA/USD,-0.0072408090761333765,0.5015351454121972
2025-09-10 20:00:00,0.877305,0.880078,0.877305,0.879274,177299.98504788,ADA/USD,0.0027834360355771847,0.5026913033468198
2025-09-10 21:00:00,0.878973,0.885828,0.878973,0.885828,108400.37705544,ADA/USD,0.007426233861261495,0.5162329579879287
2025-09-10 22:00:00,0.885822,0.887799,0.884177,0.88695,215432.03126544,ADA/USD,0.0012658101012227477,0.5109198607796107
2025-09-10 23:00:00,0.88707,0.8875,0.882788,0.884999,257063.2844343,ADA/USD,-0.002202095871160309,0.5109670267314156
2025-09-11 00:00:00,0.885,0.8859,0.883084,0.885502,44321.26286592,ADA/USD,0.0005682007675035657,0.4985985321081567
2025-09-11 01:00:00,0.88542,0.889548,0.884231,0.88882,91272.63457735,ADA/USD,0.0037400244911816906,0.4871095006041826
2025-09-11 02:00:00,0.889219,0.889548,0.886144,0.88907,63720.63111877,ADA/USD,0.00028123224906789534,0.4422264406716699
2025-09-11 03:00:00,0.88859,0.894,0.88791,0.894,95473.94207316,ADA/USD,0.0055298026019726595,0.45213909635382094
2025-09-11 04:00:00,0.894032,0.894227,0.88602,0.890101,3116037.86919359,ADA/USD,-0.004370835739986238,0.4525141446505065
2025-09-11 05:00:00,0.890092,0.890092,0.883409,0.887053,83204.51116323,ADA/USD,-0.003430206936083888,0.45625303535879036
2025-09-11 06:00:00,0.887053,0.889021,0.883827,0.888301,356697.84985375,ADA/USD,0.0014059170233842082,0.4511112544452272
2025-09-11 07:00:00,0.888519,0.888519,0.885,0.887236,50523.3824554,ADA/USD,-0.001199637211415697,0.4406152743170158
2025-09-11 08:00:00,0.887099,0.887497,0.885728,0.88629,92304.99165768,ADA/USD,-0.0010668014900457954,0.43595949863500666
2025-09-11 09:00:00,0.886291,0.887828,0.884,0.885274,1366387.29020833,ADA/USD,-0.0011470092092524466,0.4347959727596246
2025-09-11 10:00:00,0.884559,0.891316,0.884129,0.89053,543098.77715706,ADA/USD,0.005919589490941022,0.438648641947917
2025-09-11 11:00:00,0.888741,0.889259,0.882414,0.883115,182024.29366836,ADA/USD,-0.00836136115171001,0.4713158943921803
2025-09-11 12:00:00,0.883406,0.897268,0.864552,0.881077,1222423.30846326,ADA/USD,-0.002310407151338405,0.40066475576047544
2025-09-11 13:00:00,0.882106,0.883406,0.873383,0.882856,999276.61175193,ADA/USD,0.0020170840991965994,0.38403916267091925
2025-09-11 14:00:00,0.882555,0.882565,0.8735,0.875584,216099.79224933,ADA/USD,-0.008271014599554495,0.4048237933123516
2025-09-11 15:00:00,0.87678,0.879547,0.874685,0.876983,94479.85675612,ADA/USD,0.0015965156221185593,0.4068516864878888
2025-09-11 16:00:00,0.877052,0.880889,0.876356,0.879237,357267.56030483,ADA/USD,0.0025668779966155314,0.40324545925970795
2025-09-11 17:00:00,0.879001,0.882661,0.878394,0.88206,214564.88648739,ADA/USD,0.0032055949875469587,0.40576323619237903
2025-09-11 18:00:00,0.88206,0.882906,0.8785,0.880819,265386.56399313,ADA/USD,-0.00140792442929751,0.3938861237814505
2025-09-11 19:00:00,0.880877,0.883111,0.879854,0.881901,90567.4924477,ADA/USD,0.0012276483342698763,0.36788540487673593
2025-09-11 20:00:00,0.88206,0.883,0.8806,0.882509,106493.72638539,ADA/USD,0.0006891822468306874,0.36453187483147315
2025-09-11 21:00:00,0.882032,0.884878,0.881719,0.884436,207521.85284342,ADA/USD,0.0021811666622031513,0.3374399094056893
2025-09-11 22:00:00,0.884789,0.892835,0.88418,0.891101,576599.51591217,ADA/USD,0.007507623108614984,0.3666281436199345
2025-09-11 23:00:00,0.8911,0.896034,0.890816,0.894051,158103.27278386,ADA/USD,0.003305043699712136,0.36801113749776554
2025-09-12 00:00:00,0.89405,0.909097,0.8916,0.90329,2194928.83612263,ADA/USD,0.010280833049049063,0.413438422044066
2025-09-12 01:00:00,0.903614,0.907918,0.897786,0.898692,2578163.28512311,ADA/USD,-0.0051032806975727435,0.4241041308301334
2025-09-12 02:00:00,0.898818,0.90606,0.898322,0.902499,236470.9882482,ADA/USD,0.004227209295442025,0.4301274061880347
2025-09-12 03:00:00,0.9025,0.903063,0.897402,0.901189,242965.33799814,ADA/USD,-0.0014525796372103935,0.42037527911971667
2025-09-12 04:00:00,0.901202,0.904167,0.897491,0.904101,1675787.96633453,ADA/USD,0.003226077279075491,0.4129842994932841
2025-09-12 05:00:00,0.90412,0.906358,0.902394,0.906122,1010262.37376025,ADA/USD,0.0022328749990250464,0.4057825759580222
2025-09-12 06:00:00,0.905982,0.905982,0.900433,0.901087,212950.5953287,ADA/USD,-0.005572142488821656,0.423875119270596
2025-09-12 07:00:00,0.901008,0.903999,0.898855,0.899,825427.82164696,ADA/USD,-0.0023187778536292473,0.4262130722522283
2025-09-12 08:00:00,0.899,0.900496,0.894492,0.896043,1325127.48427819,ADA/USD,-0.00329463157679583,0.43152165136771
2025-09-12 09:00:00,0.896043,0.896132,0.891001,0.89314,260226.65449101,ADA/USD,-0.0032450593902147696,0.4363249786523313
2025-09-12 10:00:00,0.893147,0.893147,0.888,0.892104,128965.6717597,ADA/USD,-0.0011606257926597757,0.42277494432492707
2025-09-12 11:00:00,0.891543,0.89424,0.888,0.888201,263390.2075471,ADA/USD,-0.004384648982030529,0.39869735488048386
2025-09-12 12:00:00,0.888202,0.891519,0.883406,0.891011,715396.27675664,ADA/USD,0.0031587043436950486,0.39906777209775013
2025-09-12 13:00:00,0.891012,0.891012,0.885001,0.888509,405375.68335668,ADA/USD,-0.002811996098584383,0.40257357571086055
2025-09-12 14:00:00,0.888499,0.895733,0.887719,0.891827,326512.04027457,ADA/USD,0.0037273906066444037,0.36957631800896623
2025-09-12 15:00:00,0.891372,0.894591,0.887023,0.894407,437296.66636438,ADA/USD,0.002888761264383152,0.37150209862922035
2025-09-12 16:00:00,0.893594,0.900504,0.892115,0.900255,1777631.82140999,ADA/USD,0.006517127680277785,0.38596209588580466
2025-09-12 17:00:00,0.900253,0.905104,0.897411,0.903433,1471624.52014989,ADA/USD,0.0035238946964836356,0.3867069869431781
2025-09-12 18:00:00,0.903318,0.907429,0.901299,0.904499,300453.3189863,ADA/USD,0.0011792480287245292,0.38372485215540675
2025-09-12 19:00:00,0.9045,0.908686,0.901721,0.908686,1038040.36078748,ADA/USD,0.004618400706225746,0.38956007512991403
2025-09-12 20:00:00,0.908452,0.909598,0.901962,0.906368,746147.98084608,ADA/USD,-0.0025541953685153857,0.39619941092403865
2025-09-12 21:00:00,0.906494,0.9073,0.9035,0.904862,281078.09334588,ADA/USD,-0.0016629587043739131,0.3990432539481428
2025-09-12 22:00:00,0.905376,0.9179,0.905375,0.915544,788441.83167603,ADA/USD,0.01173597824354454,0.4322944444723696
2025-09-12 23:00:00,0.915815,0.9179,0.912501,0.917597,495547.26952008,ADA/USD,0.00223987228296114,0.4307270743945263
2025-09-13 00:00:00,0.917597,0.9295,0.917597,0.927234,1468116.61463053,ADA/USD,0.010447664484554269,0.4320935459787895
2025-09-13 01:00:00,0.9274,0.936927,0.924538,0.924735,1377318.85116162,ADA/USD,-0.002698750915094132,0.4212733505161899
2025-09-13 02:00:00,0.925017,0.929601,0.923333,0.92728,426614.53310175,ADA/USD,0.0027483595996438234,0.4181487788291497
2025-09-13 03:00:00,0.926651,0.93074,0.925252,0.929407,245702.88560395,ADA/USD,0.0022911787829329906,0.41545520741360853
2025-09-13 04:00:00,0.929407,0.929713,0.925767,0.926685,593674.0032609,ADA/USD,-0.0029330463698919325,0.42111847838357347
2025-09-13 05:00:00,0.926478,0.92763,0.92415,0.925838,114941.57680057,ADA/USD,-0.0009144286565082221,0.4219807498401058
2025-09-13 06:00:00,0.925839,0.92987,0.925527,0.92987,235299.95436742,ADA/USD,0.004345518093216246,0.40632223238742793
2025-09-13 07:00:00,0.929872,0.929872,0.924151,0.926288,141413.75741186,ADA/USD,-0.00385959002044524,0.4125815493836863
2025-09-13 08:00:00,0.926299,0.93709,0.926001,0.937068,191396.96706796,ADA/USD,0.011570650233825997,0.4466152358190831
2025-09-13 09:00:00,0.937091,0.954126,0.936488,0.954126,1756568.10697337,ADA/USD,0.018039886555167774,0.5310090927460612
2025-09-13 10:00:00,0.953311,0.953788,0.943707,0.944251,1316061.92744131,ADA/USD,-0.010403717565214628,0.5836983298200845
2025-09-13 11:00:00,0.944232,0.949999,0.937521,0.949999,956337.66683571,ADA/USD,0.006068911328880759,0.5716876543551291
2025-09-13 12:00:00,0.95,0.95,0.945172,0.946925,820730.20281411,ADA/USD,-0.0032410393783413468,0.5831295613514661
2025-09-13 13:00:00,0.947245,0.952003,0.926307,0.937558,667193.06300953,ADA/USD,-0.009941269986543058,0.622603127064742
2025-09-13 14:00:00,0.937871,0.94556,0.929596,0.941896,499893.30950635,ADA/USD,0.0046162424868624145,0.6236431953723053
2025-09-13 15:00:00,0.941896,0.949001,0.934662,0.937603,342903.38808055,ADA/USD,-0.004568246608099415,0.6369822643076103
2025-09-13 16:00:00,0.937895,0.942676,0.925,0.925253,2424724.11890779,ADA/USD,-0.013259404848395539,0.6927696470969955
2025-09-13 17:00:00,0.925501,0.926461,0.914548,0.925305,624225.76424393,ADA/USD,5.619926531743895e-05,0.691393576230442
2025-09-13 18:00:00,0.925134,0.925526,0.920657,0.92516,196656.85350034,ADA/USD,-0.00015671736595597986,0.6917302850814524
2025-09-13 19:00:00,0.925386,0.927209,0.923501,0.926927,641168.53085366,ADA/USD,0.0019081182861546424,0.6881714712828022
2025-09-13 20:00:00,0.926757,0.931912,0.926324,0.93053,246937.83387227,ADA/USD,0.0038795024799209623,0.6871041459575222
2025-09-13 21:00:00,0.930309,0.93609,0.928717,0.929083,330767.76680614,ADA/USD,-0.0015562380904392277,0.686943930082528
2025-09-13 22:00:00,0.93008,0.931399,0.92731,0.927731,97734.53031148,ADA/USD,-0.0014562581270185042,0.6546296059898744
2025-09-13 23:00:00,0.927933,0.9314,0.927932,0.929892,270848.4305049,ADA/USD,0.002326630295628982,0.6547169483805426
2025-09-14 00:00:00,0.930021,0.931399,0.920907,0.923182,177503.58927427,ADA/USD,-0.007242052208133756,0.6399715766261941
2025-09-14 01:00:00,0.923169,0.924309,0.913809,0.924101,291287.44617073,ADA/USD,0.000994974863965627,0.6383287728046659
2025-09-14 02:00:00,0.924488,0.929062,0.921993,0.926861,493978.99510142,ADA/USD,0.0029822352328755736,0.6387317936613018
2025-09-14 03:00:00,0.927543,0.92789,0.916424,0.916424,196714.65617212,ADA/USD,-0.011324468586922813,0.6720756667468372
2025-09-14 04:00:00,0.917387,0.920431,0.910701,0.918532,358163.78532388,ADA/USD,0.002297603787056898,0.6725481704828945
2025-09-14 05:00:00,0.918929,0.923642,0.918268,0.923097,141766.23634604,ADA/USD,0.0049575776116857085,0.6800464630118945
2025-09-14 06:00:00,0.922752,0.923599,0.914548,0.917561,155345.44441097,ADA/USD,-0.006015258339754052,0.6829155371477512
2025-09-14 07:00:00,0.917955,0.918255,0.91302,0.91624,130977.4464003,ADA/USD,-0.0014407236428577988,0.6800152925578683
2025-09-14 08:00:00,0.916132,0.917396,0.913453,0.913903,325198.55372763,ADA/USD,-0.0025539001818311578,0.6370703301620741
2025-09-14 09:00:00,0.913904,0.91953,0.912605,0.918804,73163.40355125,ADA/USD,0.005348385402408052,0.5293061142225086
2025-09-14 10:00:00,0.918716,0.919268,0.915367,0.91588,37303.27175422,ADA/USD,-0.003187472584541369,0.5006234543733951
2025-09-14 11:00:00,0.9167,0.916981,0.901962,0.903041,461031.18525621,ADA/USD,-0.014117395131056105,0.535248788446797
2025-09-14 12:00:00,0.903053,0.905835,0.89302,0.8964,717555.47359521,ADA/USD,-0.007381214667668493,0.5443416067613907
2025-09-14 13:00:00,0.8964,0.897838,0.886,0.888574,824038.79773504,ADA/USD,-0.008768811362372156,0.5384899326584603
2025-09-14 14:00:00,0.888567,0.894227,0.88,0.886554,1126534.7255414,ADA/USD,-0.002275893199717895,0.520899081826353
2025-09-14 15:00:00,0.886555,0.8884,0.880477,0.886649,421834.3179613,ADA/USD,0.00010715073242142851,0.5215655534107998
2025-09-14 16:00:00,0.886925,0.892706,0.885923,0.889577,542191.61119078,ADA/USD,0.0032968807484392688,0.4839645260720484
2025-09-14 17:00:00,0.889598,0.897412,0.88873,0.895756,299336.91606642,ADA/USD,0.0069219856146031525,0.5101861970891616
2025-09-14 18:00:00,0.895017,0.895129,0.889573,0.890318,293179.1169271,ADA/USD,-0.006089352180822007,0.5174297452379476
2025-09-14 19:00:00,0.890015,0.892659,0.887282,0.889734,186486.43945309,ADA/USD,-0.0006561606300864342,0.513110258589626
2025-09-14 20:00:00,0.889412,0.8925,0.889412,0.890899,106586.79169293,ADA/USD,0.001308523616297481,0.5047329539206973
2025-09-14 21:00:00,0.89098,0.895655,0.886265,0.893884,249948.99376607,ADA/USD,0.00334494757422291,0.5142796884187479
2025-09-14 22:00:00,0.893713,0.89837,0.890002,0.89565,216974.53317968,ADA/USD,0.001973698821353232,0.5188231033469053
2025-09-14 23:00:00,0.89565,0.89565,0.88718,0.888171,227412.78973815,ADA/USD,-0.00838541964012748,0.5292547809456654
2025-09-15 00:00:00,0.888284,0.89343,0.887528,0.888201,162091.73463611,ADA/USD,3.377670893580199e-05,0.51951510971688
2025-09-15 01:00:00,0.888315,0.892855,0.88,0.889956,283313.35283108,ADA/USD,0.001973954571910842,0.5217164014525769
2025-09-15 02:00:00,0.890444,0.895733,0.888838,0.890194,256579.23619839,ADA/USD,0.000267393198795867,0.5152347035578279
2025-09-15 03:00:00,0.890311,0.895901,0.890218,0.895549,183884.4949641,ADA/USD,0.005997521537781064,0.4977475643738249
2025-09-15 04:00:00,0.894398,0.901749,0.894397,0.898836,605696.67780905,ADA/USD,0.003663654875190254,0.5018203242550324
2025-09-15 05:00:00,0.898837,0.903,0.898359,0.902406,337778.64971982,ADA/USD,0.003963936744263369,0.4977429425683275
2025-09-15 06:00:00,0.90239,0.902582,0.885501,0.8893,297006.86641188,ADA/USD,-0.014629893252266242,0.5550763455413552
2025-09-15 07:00:00,0.888953,0.892328,0.875284,0.878989,328490.88149648,ADA/USD,-0.011662253019426227,0.5893327840309437
2025-09-15 08:00:00,0.878862,0.878862,0.85311,0.856844,1685540.05336702,ADA/USD,-0.02551651169631091,0.7444409915160698
2025-09-15 09:00:00,0.856759,0.865061,0.855528,0.861635,332833.99461708,ADA/USD,0.005575875425688131,0.745388204360803
2025-09-15 10:00:00,0.861636,0.863101,0.856063,0.862841,363622.62415302,ADA/USD,0.0013986859737222968,0.7493305306374092
2025-09-15 11:00:00,0.862276,0.870058,0.860568,0.864865,2041343.80027929,ADA/USD,0.0023429922983593207,0.7173184052445275
2025-09-15 12:00:00,0.86486,0.865233,0.858356,0.85916,186751.44104491,ADA/USD,-0.006618257651564322,0.7152023292529729
2025-09-15 13:00:00,0.85916,0.869779,0.858601,0.865227,262286.93610826,ADA/USD,0.007036732513343805,0.7200062743784605
2025-09-15 14:00:00,0.864936,0.868708,0.859623,0.861312,414690.03128471,ADA/USD,-0.004535092123608218,0.7226890054828221
2025-09-15 15:00:00,0.861208,0.862885,0.854865,0.859736,417578.48387165,ADA/USD,-0.0018314427494364046,0.7222988333039521
2025-09-15 16:00:00,0.859623,0.861579,0.854229,0.856156,220231.56757255,ADA/USD,-0.004172762848201917,0.7183413470423468
2025-09-15 17:00:00,0.856304,0.862079,0.853891,0.86175,177098.34309796,ADA/USD,0.006512602868815043,0.7165328510726001
2025-09-15 18:00:00,0.86175,0.862886,0.8579,0.861648,251785.94953962,ADA/USD,-0.00011837080015080349,0.7113865830842965
2025-09-15 19:00:00,0.861648,0.864405,0.857182,0.86,449156.78436638,ADA/USD,-0.0019144453492705375,0.7113160196221434
2025-09-15 20:00:00,0.86,0.862533,0.86,0.862532,273766.55120437,ADA/USD,0.0029398604189949814,0.7143723089507995
2025-09-15 21:00:00,0.862531,0.865232,0.860794,0.865005,458341.23916504,ADA/USD,0.002863037595445657,0.7132248772124925
2025-09-15 22:00:00,0.865006,0.866548,0.860396,0.862034,259523.67217502,ADA/USD,-0.003440574220709378,0.7110597146386072
2025-09-15 23:00:00,0.861799,0.864012,0.860556,0.864012,36346.49960016,ADA/USD,0.002291944555210031,0.701413362277643
2025-09-16 00:00:00,0.863637,0.863637,0.8601,0.861826,94759.61704608,ADA/USD,-0.002533263456987981,0.7014791451760913
2025-09-16 01:00:00,0.861932,0.866087,0.860416,0.860769,53887.04609719,ADA/USD,-0.0012272183916233691,0.6985249832786292
2025-09-16 02:00:00,0.861178,0.864302,0.86,0.860049,128825.07609028,ADA/USD,-0.000836811379257169,0.6978457002248601
2025-09-16 03:00:00,0.860001,0.862201,0.859258,0.860135,97736.40174399,ADA/USD,9.998930355325597e-05,0.6828558004384282
2025-09-16 04:00:00,0.860035,0.861233,0.853891,0.85959,169764.19542321,ADA/USD,-0.000633822289314077,0.6749344106124799
2025-09-16 05:00:00,0.85963,0.863722,0.859023,0.863412,74873.09167957,ADA/USD,0.004436450182580963,0.676545821627939
2025-09-16 06:00:00,0.864054,0.864791,0.86,0.863914,109433.5932897,ADA/USD,0.0005812452474324275,0.6276767340659734
2025-09-16 07:00:00,0.863256,0.867,0.862509,0.865596,75331.94797107,ADA/USD,0.0019450601965722513,0.5942955770642168
2025-09-16 08:00:00,0.866262,0.872413,0.866262,0.870714,1394552.16882926,ADA/USD,0.005895277712735694,0.3436452870644508
2025-09-16 09:00:00,0.871061,0.872459,0.868244,0.87023,639197.92951053,ADA/USD,-0.0005560201964789742,0.3299953290299701
2025-09-16 10:00:00,0.870438,0.874582,0.868943,0.868943,749628.91361473,ADA/USD,-0.0014800140468197265,0.33130268783408606
2025-09-16 11:00:00,0.869465,0.871545,0.868249,0.870066,51446.54529768,ADA/USD,0.0012915403613254195,0.32942919781617175
2025-09-16 12:00:00,0.870518,0.872371,0.869421,0.87165,283935.88370524,ADA/USD,0.0018188963490106459,0.3006090791285513
2025-09-16 13:00:00,0.87165,0.876416,0.86,0.866452,781610.39417832,ADA/USD,-0.0059812548362589415,0.2973323918286513
2025-09-16 14:00:00,0.866694,0.866694,0.857096,0.865499,392401.52565307,ADA/USD,-0.001100493138870975,0.2840651581776194
2025-09-16 15:00:00,0.8655,0.870619,0.861645,0.870399,256372.05721371,ADA/USD,0.005645507989865013,0.2991930544221351
2025-09-16 16:00:00,0.870398,0.871248,0.866755,0.869,168066.53499286,ADA/USD,-0.001608601938567331,0.28768529251880576
2025-09-16 17:00:00,0.869845,0.880546,0.869845,0.87753,638335.97738264,ADA/USD,0.009768017524419394,0.3181858721231975
2025-09-16 18:00:00,0.877498,0.880551,0.874001,0.875341,162013.91181944,ADA/USD,-0.002497618065371061,0.32387231065911365
2025-09-16 19:00:00,0.87566,0.878352,0.874001,0.877901,164218.92075271,ADA/USD,0.0029203062889740167,0.32242071282234525
2025-09-16 20:00:00,0.8779,0.878907,0.876424,0.877181,60518.92916458,ADA/USD,-0.0008204745309800191,0.3211761468036279
2025-09-16 21:00:00,0.877369,0.88272,0.877368,0.882501,97526.34353152,ADA/USD,0.006046565468851446,0.3348052993362476
2025-09-16 22:00:00,0.882732,0.8836,0.88175,0.883577,79513.69982082,ADA/USD,0.001218519378120535,0.3237991648449491
2025-09-16 23:00:00,0.883006,0.883006,0.88,0.880446,123207.44538675,ADA/USD,-0.0035498440642925066,0.334185267890724
2025-09-17 00:00:00,0.880708,0.881913,0.877999,0.878471,107601.76585723,ADA/USD,-0.002245700996717989,0.33314126228755403
2025-09-17 01:00:00,0.879619,0.881885,0.876527,0.87787,144170.95129893,ADA/USD,-0.0006843773771239044,0.3320445915290855
2025-09-17 02:00:00,0.877757,0.883246,0.876166,0.879241,207234.28615717,ADA/USD,0.0015605164138439566,0.3306453498913424
2025-09-17 03:00:00,0.879281,0.881476,0.87366,0.874,1411570.77802543,ADA/USD,-0.0059786596495802705,0.3558202172804863
2025-09-17 04:00:00,0.874,0.876119,0.86767,0.869585,200649.34010131,ADA/USD,-0.0050642893073343815,0.3716992489813975
2025-09-17 05:00:00,0.869917,0.878804,0.869774,0.878803,175995.59242045,ADA/USD,0.010544667902444592,0.4125282774830459
2025-09-17 06:00:00,0.878923,0.882138,0.878071,0.881422,113312.8982339,ADA/USD,0.0029757581361852404,0.4147164607356147
2025-09-17 07:00:00,0.881603,0.887199,0.88083,0.882519,382132.24892982,ADA/USD,0.0012438059339018631,0.4142182861755566
2025-09-17 08:00:00,0.882679,0.882679,0.873816,0.877217,144127.12989546,ADA/USD,-0.006025922119825173,0.42099958323374354
2025-09-17 09:00:00,0.877077,0.877382,0.872426,0.872574,66723.5675451,ADA/USD,-0.005306931967226816,0.4342963703479991
2025-09-17 10:00:00,0.872414,0.874471,0.869674,0.87168,261483.37179173,ADA/USD,-0.0010250801526425753,0.43374779963637533
2025-09-17 11:00:00,0.871896,0.875146,0.871896,0.872309,134842.63001474,ADA/USD,0.0007213348562102155,0.43330331750186213
2025-09-17 12:00:00,0.872389,0.873099,0.869222,0.872013,1044853.90545697,ADA/USD,-0.00033938688251501013,0.43201622344174684
2025-09-17 13:00:00,0.872013,0.873185,0.868962,0.871213,769104.19789509,ADA/USD,-0.0009178386005737624,0.41576354768278434
2025-09-17 14:00:00,0.870919,0.872567,0.864269,0.865736,591689.77840965,ADA/USD,-0.006306481252423005,0.4336141557812517
2025-09-17 15:00:00,0.865134,0.870977,0.864614,0.868796,1378542.43046764,ADA/USD,0.0035283329157702816,0.42493648043865284
2025-09-17 16:00:00,0.868682,0.87193,0.861987,0.871776,170044.65941933,ADA/USD,0.0034241650580206745,0.42888650236471065
2025-09-17 17:00:00,0.871552,0.884682,0.864542,0.864542,2372723.7138357,ADA/USD,-0.008332623236346428,0.41313550879311234
2025-09-17 18:00:00,0.865511,0.88367,0.862443,0.866604,1567736.96787572,ADA/USD,0.002382238095647801,0.41520849435543117
2025-09-17 19:00:00,0.867,0.884218,0.867,0.883021,844979.10345575,ADA/USD,0.018766857845786813,0.5516797966840941
2025-09-17 20:00:00,0.8842,0.895993,0.88,0.881032,994646.55047388,ADA/USD,-0.0022550352431237397,0.5534104367355172
2025-09-17 21:00:00,0.881344,0.892914,0.876135,0.890485,596189.03456687,ADA/USD,0.010672310480955478,0.5785635694223014
2025-09-17 22:00:00,0.892212,0.9119,0.891067,0.910543,1074130.52042744,ADA/USD,0.022274866732527484,0.7142066330972615
2025-09-17 23:00:00,0.910571,0.92,0.907633,0.913268,962208.38810237,ADA/USD,0.002988250457719805,0.7083614008380894
2025-09-18 00:00:00,0.913956,0.918256,0.907909,0.909438,648366.63644334,ADA/USD,-0.0042025489979560975,0.7132981397618608
2025-09-18 01:00:00,0.909374,0.918183,0.90763,0.915584,483891.93720747,ADA/USD,0.0067352867351251145,0.7189308581465028
2025-09-18 02:00:00,0.916203,0.916626,0.907752,0.916621,284274.44203661,ADA/USD,0.001131969523858444,0.7190210929609829
2025-09-18 03:00:00,0.916651,0.92481,0.916195,0.917279,1913521.32290873,ADA/USD,0.0007175964100944751,0.7028606483791702
2025-09-18 04:00:00,0.917577,0.918,0.912122,0.914409,549013.42201544,ADA/USD,-0.0031337240279680264,0.6963939422468874
2025-09-18 05:00:00,0.914637,0.914706,0.908233,0.90872,306372.56770008,ADA/USD,-0.0062409390286826015,0.6926445157892558
2025-09-18 06:00:00,0.908721,0.909715,0.899613,0.903405,450330.57583218,ADA/USD,-0.005866058071088896,0.7054385776746169
2025-09-18 07:00:00,0.903419,0.91339,0.902269,0.907837,2294758.00616311,ADA/USD,0.00489388921589245,0.7093031095654287
2025-09-18 08:00:00,0.908073,0.92,0.907935,0.919975,190378.91798329,ADA/USD,0.013281648692855195,0.7302179701180673
2025-09-18 09:00:00,0.919973,0.920201,0.916109,0.917843,75863.27806938,ADA/USD,-0.0023201437317422356,0.7210330716109338
2025-09-18 10:00:00,0.917966,0.919165,0.91125,0.913414,126833.30771065,ADA/USD,-0.004837124047278133,0.7309507175569024
2025-09-18 11:00:00,0.913835,0.915954,0.912476,0.913517,193576.4622471,ADA/USD,0.00011275740584534349,0.7314322087921044
2025-09-18 12:00:00,0.913517,0.917115,0.911746,0.914133,218010.81237267,ADA/USD,0.0006740897035270155,0.7304938091540811
2025-09-18 13:00:00,0.913919,0.919526,0.9091,0.914221,221074.24210495,ADA/USD,9.626144616178714e-05,0.7292251083044011
2025-09-18 14:00:00,0.914986,0.923504,0.914284,0.923492,851731.73201753,ADA/USD,0.010089800368170145,0.7252951562676839
2025-09-18 15:00:00,0.923492,0.928732,0.918985,0.927164,779562.91713336,ADA/USD,0.0039683277916285386,0.7255373138912494
2025-09-18 16:00:00,0.927846,0.928772,0.922859,0.924888,472986.62930345,ADA/USD,-0.0024578155966993643,0.7320036704481644
2025-09-18 17:00:00,0.924888,0.933594,0.924466,0.931918,571256.54997048,ADA/USD,0.007572178881818329,0.7052334662239956
2025-09-18 18:00:00,0.931753,0.93898,0.930001,0.938404,811293.7874163,ADA/USD,0.006935731922519272,0.7087590871232425
2025-09-18 19:00:00,0.93832,0.93832,0.925564,0.93,1715332.94751702,ADA/USD,-0.008995973757474315,0.6759657434180621
2025-09-18 20:00:00,0.929999,0.9335,0.928965,0.930485,355658.77115172,ADA/USD,0.000521369439674405,0.6711231685253857
2025-09-18 21:00:00,0.930258,0.931478,0.925821,0.928216,340042.89640564,ADA/USD,-0.002441491264170828,0.6552082046398143
2025-09-18 22:00:00,0.92819,0.929504,0.921846,0.922637,527086.08879046,ADA/USD,-0.006028589949469876,0.5279490737886542
2025-09-18 23:00:00,0.92296,0.925257,0.914995,0.924542,1483895.57713068,ADA/USD,0.002062605384076495,0.5266152281747695
2025-09-19 00:00:00,0.924542,0.934,0.924542,0.934,319763.49845464,ADA/USD,0.010177958471430918,0.548789363858632
2025-09-19 01:00:00,0.934399,0.937106,0.9284,0.933014,309159.77493199,ADA/USD,-0.0010562321350213002,0.5384643082148922
2025-09-19 02:00:00,0.932154,0.933741,0.924551,0.925305,750895.91204871,ADA/USD,-0.00829679320056704,0.5656025751939205
2025-09-19 03:00:00,0.925273,0.931849,0.918893,0.919201,355829.57698052,ADA/USD,-0.0066185984567761185,0.5811505233226233
2025-09-19 04:00:00,0.919223,0.922441,0.907981,0.922441,996678.79598617,ADA/USD,0.003518602793324655,0.5810050433268937
2025-09-19 05:00:00,0.922258,0.922844,0.912963,0.915613,257583.3842444,ADA/USD,-0.007429630912300194,0.586569307831483
2025-09-19 06:00:00,0.914957,0.914958,0.903567,0.904712,304645.51682116,ADA/USD,-0.011977125308337595,0.6216646766865266
2025-09-19 07:00:00,0.904703,0.909286,0.902681,0.90514,303038.82094701,ADA/USD,0.00047296685914493,0.6142662110635142
2025-09-19 08:00:00,0.904175,0.911787,0.903811,0.907939,337477.10853319,ADA/USD,0.0030875678595246206,0.5578134278983309
2025-09-19 09:00:00,0.908365,0.911574,0.901274,0.902409,361726.47491577,ADA/USD,-0.006109341629518803,0.5670180756166283
2025-09-19 10:00:00,0.902409,0.905175,0.9012,0.903369,222207.77525062,ADA/USD,0.0010632537227064217,0.5618291130923078
2025-09-19 11:00:00,0.903434,0.903567,0.892999,0.896311,2342668.19754946,ADA/USD,-0.00784365685645561,0.5790355873336593
2025-09-19 12:00:00,0.896311,0.902795,0.89631,0.899761,395498.19750898,ADA/USD,0.003841721538068769,0.5852202832663668
2025-09-19 13:00:00,0.89976,0.908233,0.898813,0.906768,341369.49796813,ADA/USD,0.007757456579971022,0.6068946784131689
2025-09-19 14:00:00,0.907172,0.908593,0.896476,0.899462,278159.23421135,ADA/USD,-0.008089822276443965,0.5869455720636694
2025-09-19 15:00:00,0.899457,0.899457,0.890933,0.897148,581100.67218042,ADA/USD,-0.0025759639315854487,0.5786869652104615
2025-09-19 16:00:00,0.897147,0.90559,0.895974,0.904919,2321426.5407197,ADA/USD,0.008624594057307049,0.6087158741172038
2025-09-19 17:00:00,0.904919,0.904919,0.895777,0.8977,1866402.69532163,ADA/USD,-0.008009500169241126,0.5987342988248101
2025-09-19 18:00:00,0.897601,0.898875,0.891776,0.896414,432297.59223671,ADA/USD,-0.0014335769301647787,0.5743651490315153
2025-09-19 19:00:00,0.896414,0.898612,0.895208,0.895401,256223.61107361,ADA/USD,-0.0011306972069379754,0.5567814838541564
2025-09-19 20:00:00,0.8954,0.898789,0.893001,0.893001,207083.58810033,ADA/USD,-0.0026839619288393625,0.5555408591490105
2025-09-19 21:00:00,0.893439,0.896799,0.89,0.896799,168126.15779738,ADA/USD,0.004244055984802454,0.56677267521324
2025-09-19 22:00:00,0.896799,0.898526,0.895905,0.896221,646943.95766548,ADA/USD,-0.0006447223344092409,0.5594382329967865
2025-09-19 23:00:00,0.896113,0.896113,0.885682,0.890624,1010086.61690966,ADA/USD,-0.006264693697726574,0.5634895207922925
2025-09-20 00:00:00,0.890624,0.897539,0.88872,0.8972,80872.01563946,ADA/USD,0.0073564619966857425,0.5433269056134008
2025-09-20 01:00:00,0.8972,0.8972,0.891716,0.895323,106087.57616132,ADA/USD,-0.002094255622972596,0.5432386468622766
2025-09-20 02:00:00,0.895,0.896547,0.889548,0.896547,72805.10742784,ADA/USD,0.001366170749412692,0.5298737612372498
2025-09-20 03:00:00,0.896705,0.896705,0.891854,0.894608,55638.32907733,ADA/USD,-0.0021650842695762154,0.5196299815876507
2025-09-20 04:00:00,0.894031,0.896239,0.891867,0.894987,29950.96611311,ADA/USD,0.00042355952678242763,0.512398499018882
2025-09-20 05:00:00,0.895269,0.899503,0.893775,0.899503,92236.05392021,ADA/USD,0.005033195541541117,0.5105523070818099
2025-09-20 06:00:00,0.899133,0.903165,0.897566,0.90217,115091.98979814,ADA/USD,0.0029605837996500403,0.4628614640393729
2025-09-20 07:00:00,0.90217,0.906755,0.901102,0.90563,131313.43560934,ADA/USD,0.0038278617378145483,0.4688893524942016
2025-09-20 08:00:00,0.905944,0.906771,0.894866,0.894866,308406.59407184,ADA/USD,-0.011956847713499313,0.5170536131364644
2025-09-20 09:00:00,0.894866,0.89649,0.890002,0.891701,130847.56454081,ADA/USD,-0.0035431118015974575,0.5089075726430031
2025-09-20 10:00:00,0.8917,0.894169,0.888519,0.889416,153828.93209638,ADA/USD,-0.002565807022876552,0.5093915993484317
2025-09-20 11:00:00,0.889638,0.895801,0.887967,0.895323,1086279.08114695,ADA/USD,0.006619479452348725,0.5065197468714803
2025-09-20 12:00:00,0.895894,0.895894,0.892063,0.895213,39340.85508595,ADA/USD,-0.0001228682362581038,0.5005582864118516
2025-09-20 13:00:00,0.895333,0.899185,0.893581,0.896647,309565.80163955,ADA/USD,0.001600571814917068,0.47646875102105746
2025-09-20 14:00:00,0.896218,0.899906,0.892925,0.898745,186939.26673804,ADA/USD,0.0023370951357052578,0.45405501080843685
2025-09-20 15:00:00,0.898754,0.904605,0.898611,0.900309,272818.3019793,ADA/USD,0.001738691994797363,0.4523315391884496
2025-09-20 16:00:00,0.900803,0.903606,0.89266,0.899298,144634.64540526,ADA/USD,-0.001123578766207977,0.41992185457778747
2025-09-20 17:00:00,0.899298,0.899298,0.89348,0.89438,114600.24646637,ADA/USD,-0.005483718174789162,0.4046631290616241
2025-09-20 18:00:00,0.894115,0.894299,0.890821,0.891915,142556.63173044,ADA/USD,-0.002759904231577853,0.4070463423113318
2025-09-20 19:00:00,0.891598,0.894626,0.890599,0.891837,62206.35225853,ADA/USD,-8.745610381902567e-05,0.40663501468917634
2025-09-20 20:00:00,0.891165,0.89537,0.891165,0.894771,59338.92962111,ADA/USD,0.003284439157949714,0.40854281837632606
2025-09-20 21:00:00,0.894652,0.898464,0.893987,0.896568,62545.96655839,ADA/USD,0.0020063210847218365,0.40204639085944294
2025-09-20 22:00:00,0.896569,0.897023,0.893679,0.896238,70605.39343159,ADA/USD,-0.0003681379956637959,0.40191497931259434
2025-09-20 23:00:00,0.896238,0.896238,0.891936,0.893371,21621.84390676,ADA/USD,-0.0032040545758429753,0.3877465527021938
2025-09-21 00:00:00,0.893495,0.897886,0.890741,0.896482,40066.18595325,ADA/USD,0.0034762666351792707,0.36671323202136824
2025-09-21 01:00:00,0.896482,0.89797,0.891756,0.892663,156419.64910414,ADA/USD,-0.0042690847305627295,0.37365651698681285
2025-09-21 02:00:00,0.892337,0.897307,0.890818,0.896901,91905.35348133,ADA/USD,0.004736358043205772,0.38417500077359096
2025-09-21 03:00:00,0.896901,0.899132,0.89538,0.898853,143785.85984317,ADA/USD,0.0021740180100617915,0.38373433357675774
2025-09-21 04:00:00,0.898891,0.899309,0.896895,0.898085,52042.32295941,ADA/USD,-0.0008547874737607487,0.3842240665246175
2025-09-21 05:00:00,0.898323,0.900503,0.897354,0.899714,37937.65545074,ADA/USD,0.0018122164333392037,0.37338852061805017
2025-09-21 06:00:00,0.9,0.902351,0.9,0.900102,161220.46357839,ADA/USD,0.0004311551914311818,0.3688749679403613
2025-09-21 07:00:00,0.900172,0.901781,0.899344,0.899901,108641.45740954,ADA/USD,-0.00022333296204003636,0.36048787016923745
2025-09-21 08:00:00,0.90021,0.900505,0.892052,0.892689,62326.35098266,ADA/USD,-0.008046501333170865,0.31734025524283993
2025-09-21 09:00:00,0.89265,0.892683,0.877426,0.8864,3870407.43788621,ADA/USD,-0.007069939947676744,0.3383650331694824
2025-09-21 10:00:00,0.885404,0.886297,0.882101,0.882101,176709.8476281,ADA/USD,-0.004861754070625254,0.34708474397074124
2025-09-21 11:00:00,0.882,0.885027,0.881322,0.883645,140114.40628836,ADA/USD,0.0017488363485096696,0.32138881134105024
2025-09-21 12:00:00,0.882834,0.888105,0.882399,0.8861,330599.60121052,ADA/USD,0.0027744127823528778,0.32755277035954916
2025-09-21 13:00:00,0.886144,0.889421,0.885751,0.888564,79482.59145304,ADA/USD,0.0027768654610916,0.3310770550516381
2025-09-21 14:00:00,0.888766,0.8905,0.885672,0.885672,1022333.08356153,ADA/USD,-0.003259997611645168,0.3308679159868187
2025-09-21 15:00:00,0.88562,0.89118,0.884622,0.886635,2566649.67068994,ADA/USD,0.001086719281447204,0.32933573665108157
2025-09-21 16:00:00,0.886635,0.888328,0.877724,0.88,1575479.7549008,ADA/USD,-0.007511490711898325,0.3545705660758706
2025-09-21 17:00:00,0.88,0.887152,0.876,0.886978,586404.62603746,ADA/USD,0.007898271823985574,0.3799979180936942
2025-09-21 18:00:00,0.886978,0.89,0.885668,0.89,840165.71095434,ADA/USD,0.0034012834299480058,0.38330954581066834
2025-09-21 19:00:00,0.889999,0.889999,0.883407,0.88881,100913.26652592,ADA/USD,-0.0013379733389462314,0.38405076618393025
2025-09-21 20:00:00,0.888811,0.889403,0.885916,0.887368,73455.94380792,ADA/USD,-0.0016237114937940045,0.3787856268030176
2025-09-21 21:00:00,0.887376,0.887771,0.883565,0.885248,308029.2026355,ADA/USD,-0.002391946152784035,0.37770062894359874
2025-09-21 22:00:00,0.885001,0.888515,0.880678,0.888206,339027.75250829,ADA/USD,0.003335866329831529,0.3848642855844104
2025-09-21 23:00:00,0.888207,0.888387,0.882299,0.8842,954424.15155338,ADA/USD,-0.004520416678349993,0.3893451679215672
2025-09-22 00:00:00,0.88434,0.887733,0.862029,0.865354,790048.93520342,ADA/USD,-0.02154460962469955,0.5528524641972379
2025-09-22 01:00:00,0.864808,0.872283,0.863,0.864072,575167.75457856,ADA/USD,-0.0014825731020836918,0.550039895202335
2025-09-22 02:00:00,0.865009,0.865594,0.846351,0.85327,1645660.63563867,ADA/USD,-0.012580071364208831,0.5758693329704709
2025-09-22 03:00:00,0.853243,0.857772,0.851609,0.855625,2864870.04162471,ADA/USD,0.0027561687415624714,0.5776111881215832
2025-09-22 04:00:00,0.855913,0.856743,0.851529,0.853812,237801.13861146,ADA/USD,-0.002121167003845893,0.5771165993965025
2025-09-22 05:00:00,0.853531,0.853742,0.836,0.836,2563871.29514153,ADA/USD,-0.021082415954165868,0.6753101457192819
2025-09-22 06:00:00,0.836,0.836806,0.791554,0.825002,6184607.04212197,ADA/USD,-0.013242802510534788,0.6985148508500312
2025-09-22 07:00:00,0.825002,0.825236,0.818112,0.818113,1933533.65713781,ADA/USD,-0.008385341702829903,0.7007551451279173
2025-09-22 08:00:00,0.818113,0.823363,0.81407,0.821321,507045.06723138,ADA/USD,0.003913550767452835,0.7114290693097145
2025-09-22 09:00:00,0.821338,0.822022,0.814478,0.815147,234409.81776773,ADA/USD,-0.007545554564137241,0.7124025946484585
2025-09-22 10:00:00,0.815535,0.828261,0.813179,0.825986,2599425.34715096,ADA/USD,0.013209359150144723,0.7796497561593413
2025-09-22 11:00:00,0.825966,0.828298,0.821993,0.822899,1087521.89434406,ADA/USD,-0.0037443528283536633,0.7746548457704141
2025-09-22 12:00:00,0.823015,0.828404,0.820348,0.828209,727122.55358431,ADA/USD,0.006432066596331158,0.7880174316056064
2025-09-22 13:00:00,0.828209,0.8317,0.823959,0.830693,2410081.81112654,ADA/USD,0.002994754188602011,0.7886171041562161
2025-09-22 14:00:00,0.830928,0.833112,0.824039,0.825442,1998798.38243855,ADA/USD,-0.0063412917377881454,0.7914845210819689
2025-09-22 15:00:00,0.825658,0.827457,0.819542,0.820714,854047.29554936,ADA/USD,-0.0057443073449140025,0.7890218815402902
2025-09-22 16:00:00,0.820713,0.827543,0.819683,0.820534,127737.90724244,ADA/USD,-0.0002193452795942718,0.7862071096452417
2025-09-22 17:00:00,0.821001,0.82371,0.8187,0.822654,257597.36517106,ADA/USD,0.0025803513368940377,0.7646173392446924
2025-09-22 18:00:00,0.822542,0.823031,0.819201,0.819201,327972.54811907,ADA/USD,-0.004206224168351177,0.7535752534481653
2025-09-22 19:00:00,0.819202,0.819597,0.81454,0.81485,332596.27360609,ADA/USD,-0.005325427765625549,0.7531615864108985
2025-09-22 20:00:00,0.815261,0.824003,0.81313,0.823276,1770012.83565401,ADA/USD,0.010287455679712133,0.7982165108705742
2025-09-22 21:00:00,0.822553,0.827709,0.821201,0.82742,191491.01887357,ADA/USD,0.00502092293885105,0.813227168925757
2025-09-22 22:00:00,0.826245,0.826919,0.82414,0.825094,145252.81216162,ADA/USD,-0.0028151066025402438,0.803946149134389
2025-09-22 23:00:00,0.824941,0.826197,0.823978,0.825659,284831.34295136,ADA/USD,0.0006845361142009585,0.8065181601795401
2025-09-23 00:00:00,0.825999,0.829452,0.823067,0.82324,289507.1907089,ADA/USD,-0.0029340811479622968,0.7154915707614327
2025-09-23 01:00:00,0.823228,0.823416,0.815803,0.815803,210391.69826842,ADA/USD,-0.009074869955658047,0.7276810817373233
2025-09-23 02:00:00,0.81692,0.820784,0.808873,0.810834,368707.95955749,ADA/USD,-0.006109556657505579,0.7032790640768677
2025-09-23 03:00:00,0.81,0.828,0.8043,0.822801,602571.63130062,ADA/USD,0.014651025549145621,0.7684246192575976
2025-09-23 04:00:00,0.822801,0.824541,0.815368,0.818873,254927.91341802,ADA/USD,-0.004785368466393612,0.7707555551240366
2025-09-23 05:00:00,0.819133,0.822605,0.815395,0.819601,1000430.49055823,ADA/USD,0.0008886317975219383,0.6682485641723993
2025-09-23 06:00:00,0.818906,0.82741,0.818006,0.826901,223486.43716981,ADA/USD,0.008867341592094338,0.6448678530873405
2025-09-23 07:00:00,0.826901,0.830364,0.822959,0.82453,789721.9752952,ADA/USD,-0.0028714510374578395,0.6255634334772127
2025-09-23 08:00:00,0.824629,0.826286,0.821147,0.826275,744293.69372397,ADA/USD,0.002114120868231833,0.622569990692439
2025-09-23 09:00:00,0.826204,0.829401,0.821527,0.823082,962963.38942116,ADA/USD,-0.003871816700501876,0.6088535612785066
2025-09-23 10:00:00,0.82292,0.824971,0.821991,0.823772,119502.3038506,ADA/USD,0.0008379613983696837,0.5530716057932281
2025-09-23 11:00:00,0.823501,0.824205,0.82,0.822966,115589.21614229,ADA/USD,-0.0009789050405866557,0.5486597595558405
2025-09-23 12:00:00,0.822966,0.82644,0.820656,0.823809,134055.73925563,ADA/USD,0.0010238193725755002,0.5340593861386537
2025-09-23 13:00:00,0.823753,0.82525,0.820328,0.821933,85137.42221684,ADA/USD,-0.002279823705729597,0.5314601658757229
2025-09-23 14:00:00,0.821643,0.826158,0.817333,0.819194,947949.15288701,ADA/USD,-0.003337953178694137,0.5217714332116271
2025-09-23 15:00:00,0.818035,0.826921,0.816504,0.82279,2450689.00483683,ADA/USD,0.004380074043495845,0.5174936988383071
2025-09-23 16:00:00,0.82279,0.829555,0.818116,0.827194,120296.19306053,ADA/USD,0.005338246259778793,0.5269717365656107
2025-09-23 17:00:00,0.827194,0.827194,0.812999,0.814193,2341490.20920419,ADA/USD,-0.015841811707242328,0.608348915512367
2025-09-23 18:00:00,0.814091,0.816637,0.808734,0.811168,2139662.76517553,ADA/USD,-0.0037222543086223338,0.6072742692530381
2025-09-23 19:00:00,0.811281,0.816188,0.80633,0.808252,1677838.65848639,ADA/USD,-0.0036012932426947564,0.6028367956282153
2025-09-23 20:00:00,0.808252,0.812546,0.806,0.812403,626877.64247088,ADA/USD,0.005122631377211194,0.5756236310197153
2025-09-23 21:00:00,0.812673,0.815509,0.810533,0.814243,401604.60039694,ADA/USD,0.0022623247895084053,0.567807616441655
2025-09-23 22:00:00,0.814,0.814317,0.809246,0.81105,175439.66186303,ADA/USD,-0.003929142754982392,0.569806778206747
2025-09-23 23:00:00,0.81105,0.813278,0.806157,0.806274,140894.70544168,ADA/USD,-0.005906069387322338,0.5774999732197639
2025-09-24 00:00:00,0.806274,0.814447,0.806,0.810628,267547.0456909,ADA/USD,0.005385620803170048,0.5885997046895223
2025-09-24 01:00:00,0.810595,0.815867,0.808922,0.81555,146591.0668818,ADA/USD,0.00605347634806805,0.576906850254217
2025-09-24 02:00:00,0.815545,0.816331,0.808574,0.81123,285227.854154,ADA/USD,-0.005311117858426391,0.5738869385818334
2025-09-24 03:00:00,0.811201,0.812945,0.797713,0.800533,3114763.70513051,ADA/USD,-0.013273858579685648,0.5502333264467092
2025-09-24 04:00:00,0.800473,0.811383,0.791,0.806883,1284752.89964111,ADA/USD,0.00790092052456128,0.5712301015820541
2025-09-24 05:00:00,0.805999,0.815599,0.805559,0.814083,484091.85958172,ADA/USD,0.008883650059878756,0.598990472290128
2025-09-24 06:00:00,0.813584,0.81746,0.811839,0.815897,74357.7991531,ADA/USD,0.002225795100435914,0.5732406051285382
2025-09-24 07:00:00,0.815794,0.816455,0.811342,0.814771,555778.97012968,ADA/USD,-0.0013810293437571278,0.5716549014995975
2025-09-24 08:00:00,0.814772,0.816946,0.813431,0.816773,127545.4954203,ADA/USD,0.0024541183134337507,0.572282744435131
2025-09-24 09:00:00,0.816629,0.818356,0.815307,0.818301,91744.33166854,ADA/USD,0.0018690291018138832,0.5698358655099202
2025-09-24 10:00:00,0.818301,0.818356,0.815086,0.817296,113583.33895742,ADA/USD,-0.0012289092318959547,0.5697110795156373
2025-09-24 11:00:00,0.817291,0.824782,0.816899,0.819235,1388136.13176563,ADA/USD,0.0023696476355504134,0.5718437582388042
2025-09-24 12:00:00,0.819587,0.823491,0.819586,0.821424,497071.6148368,ADA/USD,0.0026684415212574466,0.5740316450864216
2025-09-24 13:00:00,0.821279,0.82421,0.817472,0.817641,1092504.10138054,ADA/USD,-0.004616054540035855,0.5790912527423411
2025-09-24 14:00:00,0.817537,0.830805,0.817187,0.8275,208183.75686634,ADA/USD,0.011985742288048098,0.6201918669933874
2025-09-24 15:00:00,0.8277,0.828627,0.820433,0.820433,642032.17855496,ADA/USD,-0.00857685758112855,0.6378347174694339
2025-09-24 16:00:00,0.821233,0.822769,0.81939,0.821497,503687.13558852,ADA/USD,0.001296035944205071,0.6292789005136812
2025-09-24 17:00:00,0.821569,0.826754,0.820665,0.824356,182877.37155792,ADA/USD,0.003474189828223711,0.5507456095953663
2025-09-24 18:00:00,0.824476,0.825398,0.821793,0.822875,54508.95746521,ADA/USD,-0.001798169654477265,0.5463139290634554
2025-09-24 19:00:00,0.823211,0.825219,0.820247,0.822999,251474.78937644,ADA/USD,0.0001506798214621036,0.539998300869369
2025-09-24 20:00:00,0.821795,0.822395,0.816835,0.821006,104467.06609008,ADA/USD,-0.0024245680229996926,0.5359755826186738
2025-09-24 21:00:00,0.821005,0.82109,0.813156,0.814357,104399.16300102,ADA/USD,-0.008131572791265985,0.5588069012721416
2025-09-24 22:00:00,0.814797,0.818134,0.813504,0.814495,25880.99544307,ADA/USD,0.00016944449259987548,0.5532733200033957
2025-09-24 23:00:00,0.814823,0.816597,0.812111,0.812793,86223.95453049,ADA/USD,-0.0020918247054294314,0.541985778367268
2025-09-25 00:00:00,0.81322,0.814422,0.807704,0.80804,212110.90104531,ADA/USD,-0.0058649023361469505,0.5446734223312307
2025-09-25 01:00:00,0.807786,0.809772,0.802135,0.803214,849908.91370566,ADA/USD,-0.005990383181817166,0.5411611696795574
2025-09-25 02:00:00,0.804,0.812631,0.8,0.808019,137867.66991868,ADA/USD,0.005964394031667214,0.54689840375952
2025-09-25 03:00:00,0.807308,0.807396,0.793067,0.800875,2908470.878213,ADA/USD,-0.00888069313692515,0.5121279949204831
2025-09-25 04:00:00,0.800932,0.803,0.786314,0.790832,744518.72252965,ADA/USD,-0.01261932412988132,0.5410616967729723
2025-09-25 05:00:00,0.790391,0.799288,0.78609,0.797145,1262930.83776344,ADA/USD,0.00795103865916884,0.5349387423635574
2025-09-25 06:00:00,0.797145,0.797511,0.789251,0.790049,1554568.40534143,ADA/USD,-0.008941625634440693,0.5525328433937885
2025-09-25 07:00:00,0.790272,0.794896,0.789602,0.789653,128841.40738135,ADA/USD,-0.0005013603936627535,0.5527643432338153
2025-09-25 08:00:00,0.790693,0.794097,0.7854,0.786906,801313.95644981,ADA/USD,-0.003484808091467246,0.5490151033538306
2025-09-25 09:00:00,0.78672,0.794001,0.785193,0.785904,1723722.51250629,ADA/USD,-0.001274152803656242,0.5448231617126245
2025-09-25 10:00:00,0.785601,0.792929,0.785267,0.786,2657570.57660526,ADA/USD,0.00012214486396022912,0.5458626302929241
2025-09-25 11:00:00,0.786349,0.787643,0.7811,0.7811,1254202.78660312,ADA/USD,-0.006253609812954913,0.5466771409714494
2025-09-25 12:00:00,0.781663,0.78986,0.77,0.785784,2836008.56583099,ADA/USD,0.0059787628856931285,0.5608856337531278
2025-09-25 13:00:00,0.785128,0.794041,0.779961,0.789443,1103888.70410892,ADA/USD,0.004645687993966841,0.5712926089465977
2025-09-25 14:00:00,0.789932,0.8,0.789932,0.794396,517967.79360215,ADA/USD,0.006254443975647332,0.5288229771696387
2025-09-25 15:00:00,0.794406,0.794438,0.789562,0.791084,174291.55794259,ADA/USD,-0.004177920651896437,0.5134951167882464
2025-09-25 16:00:00,0.791083,0.792317,0.776698,0.777709,433342.34608295,ADA/USD,-0.01705173859989667,0.5892570187526892
2025-09-25 17:00:00,0.777482,0.777837,0.753964,0.758469,1912864.92094601,ADA/USD,-0.02505049040481681,0.7205061149787118
2025-09-25 18:00:00,0.758671,0.777056,0.75593,0.777056,3678839.12059103,ADA/USD,0.024210492027703485,0.8939644533293959
2025-09-25 19:00:00,0.777063,0.781713,0.770302,0.770953,1100838.88023072,ADA/USD,-0.007885007929923908,0.8984469643155134
2025-09-25 20:00:00,0.770953,0.773043,0.764637,0.765435,379136.04047682,ADA/USD,-0.007183112242541356,0.9024377297027564
2025-09-25 21:00:00,0.765936,0.771646,0.762482,0.769786,435797.91394052,ADA/USD,0.0056682544721225045,0.9105613807016677
2025-09-25 22:00:00,0.769978,0.774525,0.765201,0.767921,105898.36977587,ADA/USD,-0.002425690868894858,0.9091804501551657
2025-09-25 23:00:00,0.768085,0.772274,0.758651,0.763202,297819.09915973,ADA/USD,-0.0061641225976981,0.9118884329798296
2025-09-26 00:00:00,0.763507,0.780072,0.763507,0.778799,530186.65203969,ADA/USD,0.02023024879479591,1.0077944534350582
2025-09-26 01:00:00,0.778801,0.781616,0.775291,0.778784,416497.54756256,ADA/USD,-1.9260610831541274e-05,1.0041921970380376
2025-09-26 02:00:00,0.778079,0.780851,0.774355,0.776275,161309.22238923,ADA/USD,-0.003226890011435668,0.9942170764188082
2025-09-26 03:00:00,0.776082,0.778059,0.773127,0.776744,3089985.9592129,ADA/USD,0.0006039849019972984,0.9844826624613675
2025-09-26 04:00:00,0.776745,0.778054,0.77225,0.773693,217526.69696544,ADA/USD,-0.0039356696701681754,0.9600461157703623
2025-09-26 05:00:00,0.773919,0.779426,0.770362,0.772372,99822.70954121,ADA/USD,-0.0017088548301186096,0.9436758206268232
2025-09-26 06:00:00,0.772519,0.777413,0.769126,0.773373,135424.13521234,ADA/USD,0.001295168530292323,0.9323657091650059
2025-09-26 07:00:00,0.773511,0.777965,0.7703,0.774655,87637.4346434,ADA/USD,0.0016563011690737955,0.9336177044714875
2025-09-26 08:00:00,0.774604,0.777841,0.774557,0.775406,65099.8016705,ADA/USD,0.0009689941992768483,0.9326147635008893
2025-09-26 09:00:00,0.775407,0.777592,0.77,0.772044,56159.32564803,ADA/USD,-0.004345219929312591,0.9352852336734132
2025-09-26 10:00:00,0.77252,0.772715,0.761309,0.762541,254578.82160679,ADA/USD,-0.012385265691497086,0.9610568312526158
2025-09-26 11:00:00,0.762379,0.766736,0.7585,0.763967,793470.11852639,ADA/USD,0.0018683169885785318,0.9575118269312279
2025-09-26 12:00:00,0.763967,0.778821,0.75852,0.773925,471654.02617071,ADA/USD,0.012950375153520299,0.9855085848130585
2025-09-26 13:00:00,0.772768,0.779251,0.767664,0.777522,418815.59008385,ADA/USD,0.004636969803118175,0.9854908110377546
2025-09-26 14:00:00,0.777476,0.778091,0.765724,0.767279,218451.01892834,ADA/USD,-0.013261449359341287,1.0038954969045941
2025-09-26 15:00:00,0.767288,0.777001,0.767046,0.775033,135758.58651711,ADA/USD,0.010055118978313779,1.025739249671803
2025-09-26 16:00:00,0.774942,0.785278,0.774828,0.784523,2002349.12906282,ADA/USD,0.012170280688309996,1.0016346884265266
2025-09-26 17:00:00,0.78455,0.791,0.78296,0.790039,495211.38155815,ADA/USD,0.007006421550872041,0.8705049642853554
2025-09-26 18:00:00,0.790145,0.79672,0.790145,0.793462,1621369.82858786,ADA/USD,0.004323338389655139,0.749076858530946
2025-09-26 19:00:00,0.793513,0.79377,0.785684,0.790816,780330.66786851,ADA/USD,-0.0033403259532601504,0.73371953807247
2025-09-26 20:00:00,0.789602,0.791446,0.786791,0.788484,828171.68615641,ADA/USD,-0.002953209263429642,0.7199411511608642
2025-09-26 21:00:00,0.788,0.791977,0.787454,0.790797,185217.67303253,ADA/USD,0.002929183158433172,0.7154063863418401
2025-09-26 22:00:00,0.791245,0.793868,0.790108,0.79109,348049.97827096,ADA/USD,0.00037044365792334545,0.712112084079235
2025-09-26 23:00:00,0.790942,0.793001,0.789112,0.792304,757002.92113664,ADA/USD,0.0015334152306747974,0.6966527282401246
2025-09-27 00:00:00,0.792427,0.792427,0.790356,0.792175,34275.9620928,ADA/USD,-0.0001628295487476515,0.5891362287442231
2025-09-27 01:00:00,0.7926,0.792661,0.789191,0.790874,41160.3350173,ADA/USD,-0.0016436639584773557,0.5907168806904821
2025-09-27 02:00:00,0.790756,0.791715,0.789249,0.789932,32806.20438751,ADA/USD,-0.001191797236978999,0.5869077652383324
2025-09-27 03:00:00,0.789932,0.794362,0.789932,0.792701,38099.14911744,ADA/USD,0.0034992355466520126,0.5892790177409981
2025-09-27 04:00:00,0.79263,0.793371,0.791074,0.792,41665.87813901,ADA/USD,-0.0008847095391791018,0.5826933253913205
2025-09-27 05:00:00,0.791785,0.791909,0.789272,0.791768,50361.15517902,ADA/USD,-0.000292972205095031,0.580834939975346
2025-09-27 06:00:00,0.7913,0.791378,0.789446,0.790292,110073.57402592,ADA/USD,-0.0018659221878371674,0.5834262771140499
2025-09-27 07:00:00,0.790609,0.79122,0.782534,0.783972,170928.92950716,ADA/USD,-0.008029191994570447,0.607502415121027
2025-09-27 08:00:00,0.783999,0.783999,0.779528,0.779739,699971.25929858,ADA/USD,-0.005414057124120887,0.6177711097766945
2025-09-27 09:00:00,0.779739,0.783839,0.776788,0.783839,193675.75655969,ADA/USD,0.005244393816083025,0.6178752530899305
2025-09-27 10:00:00,0.783111,0.785617,0.780575,0.78449,9947.66768368,ADA/USD,0.0008301830003646262,0.5607830491327239
2025-09-27 11:00:00,0.78452,0.785324,0.782768,0.783396,18553.19524311,ADA/USD,-0.001395509848984317,0.5627259483560784
2025-09-27 12:00:00,0.783396,0.786552,0.781243,0.78636,90126.17912534,ADA/USD,0.0037763875691402492,0.5139965867857182
2025-09-27 13:00:00,0.785608,0.786545,0.784676,0.786001,69136.50202599,ADA/USD,-0.00045663814637749556,0.5081809099937014
2025-09-27 14:00:00,0.786001,0.787171,0.7843,0.7843,75300.17473106,ADA/USD,-0.0021664644744074494,0.43275919335802804
2025-09-27 15:00:00,0.784298,0.785544,0.780569,0.785277,139994.66521611,ADA/USD,0.0012449215631753687,0.3927675977116437
2025-09-27 16:00:00,0.785834,0.785835,0.782673,0.783068,60497.30680425,ADA/USD,-0.002816984095686286,0.3218035432895189
2025-09-27 17:00:00,0.783002,0.783002,0.777536,0.78065,91746.94004728,ADA/USD,-0.0030926316985804454,0.2937513506445765
2025-09-27 18:00:00,0.78065,0.781608,0.778641,0.780647,80638.39910032,ADA/USD,-3.8429587708243905e-06,0.27790612601224673
2025-09-27 19:00:00,0.781006,0.782332,0.780249,0.781662,37282.73610162,ADA/USD,0.0012993590164365255,0.2751024166718481
2025-09-27 20:00:00,0.782228,0.782329,0.778841,0.779903,82816.08334479,ADA/USD,-0.002252869069134808,0.2730269150204332
2025-09-27 21:00:00,0.780047,0.784162,0.779357,0.783604,109478.59521015,ADA/USD,0.004734237726523999,0.2835267649463648
2025-09-27 22:00:00,0.783642,0.788133,0.783605,0.78524,158321.89415262,ADA/USD,0.0020856128372485215,0.2871281972874432
2025-09-27 23:00:00,0.78524,0.7862,0.781089,0.781233,163674.83752732,ADA/USD,-0.005115962725973746,0.29874312634984607
2025-09-28 00:00:00,0.781701,0.782094,0.777475,0.77829,111493.07942737,ADA/USD,-0.0037742354470557066,0.30470128473138614
2025-09-28 01:00:00,0.778174,0.779208,0.772811,0.773756,265570.42811281,ADA/USD,-0.005842626955413484,0.31965437859007206
2025-09-28 02:00:00,0.773642,0.776399,0.773285,0.77522,62496.33657965,ADA/USD,0.001890281625959546,0.3240195420079297
2025-09-28 03:00:00,0.775173,0.77633,0.773384,0.775139,50991.28546036,ADA/USD,-0.0001044919274486733,0.3130060430542269
2025-09-28 04:00:00,0.775203,0.775502,0.773281,0.775049,20706.91083681,ADA/USD,-0.00011611494876900625,0.3133958535189142
2025-09-28 05:00:00,0.775365,0.7764,0.773217,0.774505,15746.35566933,ADA/USD,-0.0007021375471254499,0.3131907004672
2025-09-28 06:00:00,0.774474,0.774525,0.769753,0.772393,67056.51972499,ADA/USD,-0.002730627762546203,0.3146194063836555
2025-09-28 07:00:00,0.772393,0.774158,0.770339,0.773751,61738.5391324,ADA/USD,0.001756628553618934,0.28496043365047496
2025-09-28 08:00:00,0.773752,0.773854,0.770001,0.770919,144811.83896091,ADA/USD,-0.0036668067265248332,0.27538823465252016
2025-09-28 09:00:00,0.770601,0.771723,0.76722,0.768621,228917.18156621,ADA/USD,-0.0029853095166890494,0.25438446690301575
2025-09-28 10:00:00,0.768701,0.768945,0.766117,0.768886,80567.61112072,ADA/USD,0.00034471388113883786,0.25335427172260966
2025-09-28 11:00:00,0.768861,0.769668,0.765899,0.768564,164865.58307208,ADA/USD,-0.00041887541670686013,0.2532214991969169
2025-09-28 12:00:00,0.768845,0.768845,0.765311,0.766705,159291.10178723,ADA/USD,-0.002421726627123975,0.23780939533824028
2025-09-28 13:00:00,0.76658,0.779689,0.76612,0.776873,2625138.73610837,ADA/USD,0.013174775845754985,0.3613666839821307
2025-09-28 14:00:00,0.777588,0.779794,0.775237,0.779794,227297.72845834,ADA/USD,0.0037528943933830567,0.3685119350679889
2025-09-28 15:00:00,0.779503,0.781249,0.778284,0.781139,61767.12565003,ADA/USD,0.0017233287179808912,0.36935856556280844
2025-09-28 16:00:00,0.781307,0.789061,0.781307,0.787541,356160.0880499,ADA/USD,0.008162321880303063,0.3983797067894611
2025-09-28 17:00:00,0.787514,0.791937,0.785799,0.791006,644876.78890664,ADA/USD,0.004390120237309243,0.40020351939923254
2025-09-28 18:00:00,0.791215,0.791893,0.788002,0.791373,137347.9844369,ADA/USD,0.0004638585403123409,0.40005712093819285
2025-09-28 19:00:00,0.791165,0.792,0.7889,0.790163,176216.99321723,ADA/USD,-0.001530158322149651,0.4017373550286338
2025-09-28 20:00:00,0.790504,0.797498,0.789914,0.7938,262389.33967973,ADA/USD,0.004592287056897914,0.4054607035740654
2025-09-28 21:00:00,0.794212,0.797833,0.79336,0.793706,135357.54130842,ADA/USD,-0.0001184247493990742,0.39776107947170597
2025-09-28 22:00:00,0.79425,0.81,0.79425,0.809693,1240699.26684829,ADA/USD,0.019942047877907022,0.5437864395087856
2025-09-28 23:00:00,0.809641,0.8115,0.806786,0.808646,481889.91654036,ADA/USD,-0.0012939194397174002,0.5314329605589151
2025-09-29 00:00:00,0.808708,0.808708,0.80462,0.805313,185202.10984868,ADA/USD,-0.0041302223142753326,0.5328042518010957
2025-09-29 01:00:00,0.805402,0.805736,0.800358,0.800358,81467.03508919,ADA/USD,-0.00617189415381632,0.5345484686613002
2025-09-29 02:00:00,0.8002,0.804351,0.798589,0.801153,172789.8609351,ADA/USD,0.0009928124943270685,0.534515340903876
2025-09-29 03:00:00,0.801154,0.804449,0.799999,0.804186,147027.10074864,ADA/USD,0.003778645642826509,0.5355799189656154
2025-09-29 04:00:00,0.8046,0.8059,0.800001,0.802203,64254.29324375,ADA/USD,-0.0024688926620760644,0.540205142646255
2025-09-29 05:00:00,0.802207,0.802242,0.796189,0.799998,86834.94508488,ADA/USD,-0.002752465379939105,0.5446958012331556
2025-09-29 06:00:00,0.799762,0.799762,0.795054,0.795949,228397.846874,ADA/USD,-0.005074114224770638,0.5531558501410423
2025-09-29 07:00:00,0.795373,0.799419,0.793589,0.797985,493581.00493558,ADA/USD,0.0025546868406303215,0.5536432003465006
2025-09-29 08:00:00,0.798341,0.804107,0.797682,0.801956,70729.93005033,ADA/USD,0.0049639432379388745,0.5487755591500015
2025-09-29 09:00:00,0.801956,0.801956,0.797501,0.798427,157075.5433168,ADA/USD,-0.004410201457879528,0.5540044824746929
2025-09-29 10:00:00,0.798624,0.799673,0.794,0.794747,40297.92266946,ADA/USD,-0.004619717048874674,0.5662223433400492
2025-09-29 11:00:00,0.794002,0.79511,0.789428,0.795007,508824.4802833,ADA/USD,0.00032709463516772565,0.5654994179201859
2025-09-29 12:00:00,0.79483,0.799129,0.791,0.791439,457660.86848848,ADA/USD,-0.004498112152505901,0.5722087881950613
2025-09-29 13:00:00,0.79091,0.808517,0.7889,0.807032,533128.72662795,ADA/USD,0.01951051302521502,0.631881018804176
2025-09-29 14:00:00,0.806663,0.815891,0.806248,0.813014,383626.67782141,ADA/USD,0.007385009052023374,0.6403759896129443
2025-09-29 15:00:00,0.813139,0.81491,0.801322,0.80244,704624.71174705,ADA/USD,-0.013091243717859297,0.700255073390868
2025-09-29 16:00:00,0.802577,0.805362,0.798701,0.798701,734414.53560303,ADA/USD,-0.004670427896771877,0.6939991206246302
2025-09-29 17:00:00,0.798522,0.801926,0.795485,0.800901,495113.36006983,ADA/USD,0.00275068596707172,0.6912781756080381
2025-09-29 18:00:00,0.800901,0.800901,0.796412,0.799129,388228.13772652,ADA/USD,-0.002214959375085824,0.6932497681855423
2025-09-29 19:00:00,0.799129,0.805,0.798806,0.805,1118234.63515186,ADA/USD,0.007319892869461856,0.7043637465848911
2025-09-29 20:00:00,0.805,0.813592,0.804152,0.813528,1309001.55684126,ADA/USD,0.010538067824601077,0.7254793681960634
2025-09-29 21:00:00,0.813593,0.814936,0.810519,0.811562,214879.72390878,ADA/USD,-0.0024195594817815855,0.7281851404555971
2025-09-29 22:00:00,0.81208,0.81208,0.804805,0.808694,2334366.07900822,ADA/USD,-0.003540185002079687,0.6256128030533676
2025-09-29 23:00:00,0.808225,0.809441,0.806051,0.806051,70344.00127746,ADA/USD,-0.0032735848202377913,0.6282479497524832
2025-09-30 00:00:00,0.806009,0.808656,0.80089,0.801204,223866.04523672,ADA/USD,-0.006031419648631795,0.6338787732883172
2025-09-30 01:00:00,0.801168,0.806113,0.797001,0.800114,105170.03247696,ADA/USD,-0.0013613787746670877,0.6232285200396388
2025-09-30 02:00:00,0.80005,0.802897,0.798823,0.798823,112611.24297205,ADA/USD,-0.0016148231988378542,0.6236171943473378
2025-09-30 03:00:00,0.798754,0.801069,0.797183,0.797607,50013.42938919,ADA/USD,-0.0015233993788251537,0.6191994337295831
2025-09-30 04:00:00,0.798021,0.799246,0.796675,0.797449,34999.63679713,ADA/USD,-0.00019811216724277325,0.6177471485109464
2025-09-30 05:00:00,0.797578,0.801141,0.79667,0.800753,94477.13840069,ADA/USD,0.004134652199056427,0.6211148665939671
2025-09-30 06:00:00,0.800696,0.8049,0.798611,0.801011,59138.12301042,ADA/USD,0.00032214483810500256,0.6126935735994021
2025-09-30 07:00:00,0.80102,0.80224,0.792918,0.793767,87000.55780444,ADA/USD,-0.009084712507633838,0.6360296199483584
2025-09-30 08:00:00,0.793675,0.795194,0.792471,0.793,523795.21258668,ADA/USD,-0.0009667456655404318,0.6276535167531231
2025-09-30 09:00:00,0.793001,0.793066,0.785373,0.786478,141781.02799011,ADA/USD,-0.008258471555712013,0.6410230507828621
2025-09-30 10:00:00,0.786528,0.790231,0.784935,0.788822,247781.24319116,ADA/USD,0.002975943286889349,0.6394331842242293
2025-09-30 11:00:00,0.78878,0.79165,0.785651,0.791449,64878.48139841,ADA/USD,0.0033247492612280796,0.6431279250106376
2025-09-30 12:00:00,0.791071,0.79304,0.789026,0.789805,101373.3498258,ADA/USD,-0.002079363078106113,0.6385966467701772
2025-09-30 13:00:00,0.789904,0.795792,0.787739,0.791187,235011.40898997,ADA/USD,0.001748269886249613,0.5077558388563418
2025-09-30 14:00:00,0.791248,0.792997,0.786747,0.791673,128166.37694081,ADA/USD,0.0006140783332351332,0.48187005645982145
2025-09-30 15:00:00,0.791098,0.791098,0.778673,0.783187,582611.05926476,ADA/USD,-0.0107769352600586,0.46155067788095366
2025-09-30 16:00:00,0.783149,0.784934,0.780211,0.783406,186742.67097471,ADA/USD,0.0002795876164729379,0.45626480845032136
2025-09-30 17:00:00,0.783602,0.789229,0.783001,0.784101,119908.34755542,ADA/USD,0.0008867584585487822,0.4521020781024336
2025-09-30 18:00:00,0.7841,0.79,0.782044,0.79,56773.94359229,ADA/USD,0.007495106877472031,0.47849856932215606
2025-09-30 19:00:00,0.79,0.801364,0.789401,0.800598,540406.78746615,ADA/USD,0.013326002967880436,0.5270740324040162
2025-09-30 20:00:00,0.800881,0.810451,0.799678,0.808997,2761225.38415474,ADA/USD,0.010436260340838839,0.5262849661493784
2025-09-30 21:00:00,0.809,0.812975,0.804337,0.804964,366085.6484562,ADA/USD,-0.004997652848108841,0.5326316407696926
2025-09-30 22:00:00,0.806299,0.809999,0.801127,0.80203,519368.00949068,ADA/USD,-0.0036515422709778186,0.5328906414948743
2025-09-30 23:00:00,0.801952,0.807165,0.798794,0.807135,242739.4100826,ADA/USD,0.0063449268738184125,0.5443178232093016
2025-10-01 00:00:00,0.807224,0.809923,0.801679,0.806683,161579.70100151,ADA/USD,-0.0005601623129982254,0.5308838802925048
2025-10-01 01:00:00,0.807297,0.81061,0.802687,0.81061,3336489.01118784,ADA/USD,0.004856272447427562,0.5368012383916607
2025-10-01 02:00:00,0.81099,0.811119,0.804386,0.805243,543489.36413404,ADA/USD,-0.006642955437922577,0.5528547791165037
2025-10-01 03:00:00,0.805368,0.805369,0.797041,0.798017,591617.74712057,ADA/USD,-0.009014194739982133,0.5802800928289336
2025-10-01 04:00:00,0.798124,0.806257,0.796992,0.800575,84573.07151176,ADA/USD,0.0032003190098056733,0.5834142654716263
2025-10-01 05:00:00,0.800694,0.805493,0.800694,0.803746,90985.38906699,ADA/USD,0.0039530793767460805,0.5829536147835229
2025-10-01 06:00:00,0.803519,0.805141,0.798979,0.799159,193529.18837459,ADA/USD,-0.005723374150509088,0.5936391089784003
2025-10-01 07:00:00,0.799072,0.806048,0.798656,0.805092,34862.89358987,ADA/USD,0.007396631885648824,0.5819888591009527
2025-10-01 08:00:00,0.804571,0.833211,0.803129,0.828215,2825276.53804743,ADA/USD,0.02831622591197425,0.7854711305216713
2025-10-01 09:00:00,0.82894,0.835,0.827436,0.834063,1767857.11406929,ADA/USD,0.0070361565594138364,0.7648792201421751
2025-10-01 10:00:00,0.834014,0.836029,0.829798,0.831314,298612.71709859,ADA/USD,-0.003301357586624582,0.7725910054122239
2025-10-01 11:00:00,0.831889,0.8388,0.831771,0.836833,1763683.66319281,ADA/USD,0.006616946992046818,0.7769867354525147
2025-10-01 12:00:00,0.836757,0.837649,0.832,0.832395,1512501.00042579,ADA/USD,-0.005317440705640675,0.7863809080087241
2025-10-01 13:00:00,0.832396,0.839642,0.832396,0.837339,1307424.20973928,ADA/USD,0.005921918639099555,0.7895275776352156
2025-10-01 14:00:00,0.837443,0.843051,0.837224,0.839755,1167383.06086899,ADA/USD,0.0028811762146942563,0.7888033775396139
2025-10-01 15:00:00,0.840161,0.842834,0.836725,0.841159,420110.15796804,ADA/USD,0.001670520117631949,0.7438317260673365
2025-10-01 16:00:00,0.8413,0.84351,0.835001,0.8356,559399.61310473,ADA/USD,-0.006630673062919104,0.7647909406768335
2025-10-01 17:00:00,0.8356,0.839421,0.833371,0.836256,541167.91058048,ADA/USD,0.00078475662218037,0.7648848884482293
2025-10-01 18:00:00,0.836255,0.844096,0.835461,0.843433,380088.74673052,ADA/USD,0.008545681584125837,0.7676604301203701
2025-10-01 19:00:00,0.843433,0.847831,0.842338,0.846282,616885.60692347,ADA/USD,0.0033721695076265527,0.7383103195181432
2025-10-01 20:00:00,0.846276,0.846411,0.842301,0.843441,192824.17685267,ADA/USD,-0.00336268450756119,0.7274674532010453
2025-10-01 21:00:00,0.843441,0.844631,0.839207,0.841285,179833.39310111,ADA/USD,-0.0025594680404695744,0.7203264530613123
2025-10-01 22:00:00,0.841188,0.845305,0.841188,0.845157,220273.09900644,ADA/USD,0.004591924066966783,0.7135806403950461
2025-10-01 23:00:00,0.845102,0.850999,0.844154,0.850999,742163.93220935,ADA/USD,0.006888544569272532,0.7148628519044068
2025-10-02 00:00:00,0.851,0.855901,0.849314,0.849478,351538.91347902,ADA/USD,-0.0017889102947294018,0.7170551819977137
2025-10-02 01:00:00,0.849477,0.859836,0.848659,0.858187,320574.67125949,ADA/USD,0.010199981268717006,0.7318409844928285
2025-10-02 02:00:00,0.858188,0.86,0.854433,0.858156,531391.74475532,ADA/USD,-3.612331568148903e-05,0.7114293499220128
2025-10-02 03:00:00,0.858157,0.859499,0.854459,0.855152,575621.52153358,ADA/USD,-0.0035066702289165727,0.6842960859585954
2025-10-02 04:00:00,0.855394,0.857095,0.850922,0.85489,92976.05853006,ADA/USD,-0.0003064252247021513,0.6869477796472166
2025-10-02 05:00:00,0.855389,0.856754,0.852729,0.855021,659144.01757956,ADA/USD,0.00015322434940321842,0.6882165597252778
2025-10-02 06:00:00,0.855021,0.865337,0.853955,0.861401,1470197.88243655,ADA/USD,0.0074341034815527405,0.6735292893683298
2025-10-02 07:00:00,0.861401,0.864147,0.853767,0.854571,1201280.52851645,ADA/USD,-0.00796054489025466,0.6998244152699117
2025-10-02 08:00:00,0.854868,0.857656,0.854868,0.856897,690765.81963953,ADA/USD,0.002718136047056268,0.4745972850371687
2025-10-02 09:00:00,0.856897,0.858307,0.854028,0.855866,514678.22739055,ADA/USD,-0.0012039028453160628,0.46342749227950975
2025-10-02 10:00:00,0.85589,0.856302,0.849828,0.853757,325307.44492813,ADA/USD,-0.0024672118587709428,0.4606931018371932
2025-10-02 11:00:00,0.853757,0.856266,0.850294,0.851,236161.88123621,ADA/USD,-0.0032344813995358146,0.45424220513783
2025-10-02 12:00:00,0.85058,0.855901,0.85,0.855901,404428.90764868,ADA/USD,0.005742586674297235,0.4475406121648628
2025-10-02 13:00:00,0.855901,0.8564,0.846088,0.853536,1247152.8822724,ADA/USD,-0.0027669946408331587,0.44309541353408327
2025-10-02 14:00:00,0.85354,0.85354,0.838242,0.84127,522311.83029166,ADA/USD,-0.014475065784884476,0.5279659124827341
2025-10-02 15:00:00,0.841338,0.854516,0.836662,0.854255,604446.28924547,ADA/USD,0.015317089243821866,0.6027487834869225
2025-10-02 16:00:00,0.854255,0.861581,0.853004,0.858896,503588.88210505,ADA/USD,0.005418099575987528,0.5912104255106264
2025-10-02 17:00:00,0.859116,0.864606,0.856778,0.862034,193811.85919307,ADA/USD,0.003646869399521539,0.5930705852470761
2025-10-02 18:00:00,0.862034,0.873231,0.862033,0.872924,3076124.60282817,ADA/USD,0.012553782880419544,0.616299649528579
2025-10-02 19:00:00,0.872924,0.87779,0.871281,0.875006,777882.68039794,ADA/USD,0.002382247555257121,0.6154022508331901
2025-10-02 20:00:00,0.875528,0.875807,0.866885,0.870876,398787.41609525,ADA/USD,-0.004731141856920087,0.6199665130771731
2025-10-02 21:00:00,0.870877,0.874999,0.868401,0.869686,175106.31710372,ADA/USD,-0.0013673746587749146,0.6175288620105835
2025-10-02 22:00:00,0.869652,0.871,0.8655,0.866308,417500.51671322,ADA/USD,-0.003891723431602065,0.6219946017869669
2025-10-02 23:00:00,0.866308,0.871997,0.866308,0.871202,343979.10257221,ADA/USD,0.005633363770565121,0.6179407616856442
2025-10-03 00:00:00,0.871088,0.871348,0.862234,0.86316,259100.8637257,ADA/USD,-0.00927379363296431,0.6465855040613313
2025-10-03 01:00:00,0.863139,0.865292,0.855314,0.857035,167275.30847442,ADA/USD,-0.007121315763397938,0.6338652901854176
2025-10-03 02:00:00,0.857069,0.863754,0.856862,0.863079,61265.98209396,ADA/USD,0.007027470125500309,0.6481538621775101
2025-10-03 03:00:00,0.862956,0.869096,0.861523,0.86208,338581.7659448,ADA/USD,-0.001158154247423067,0.6445284505851635
2025-10-03 04:00:00,0.862292,0.867362,0.861601,0.864579,136182.32934048,ADA/USD,0.0028946094682011578,0.646212031225697
2025-10-03 05:00:00,0.8648,0.86505,0.858629,0.861288,93558.03572466,ADA/USD,-0.0038137399798002574,0.651375374960166
2025-10-03 06:00:00,0.861187,0.8638,0.855583,0.85846,50941.47691797,ADA/USD,-0.0032888569128812994,0.6387653953180447
2025-10-03 07:00:00,0.85846,0.858762,0.854224,0.857452,136321.46221819,ADA/USD,-0.0011748855605065098,0.6200137245786356
2025-10-03 08:00:00,0.857291,0.860365,0.852181,0.860276,199857.53048587,ADA/USD,0.003288067196062481,0.6210110675651456
2025-10-03 09:00:00,0.860134,0.860281,0.855823,0.859004,88801.76483339,ADA/USD,-0.0014796894421908928,0.6212647332920336
2025-10-03 10:00:00,0.859089,0.85984,0.857687,0.858915,90279.81017283,ADA/USD,-0.00010361373275417213,0.6191060870866117
2025-10-03 11:00:00,0.858601,0.859002,0.853253,0.855062,180360.60272216,ADA/USD,-0.0044959838904896675,0.6222720481792129
2025-10-03 12:00:00,0.854927,0.857342,0.853414,0.8555,146959.33581561,ADA/USD,0.0005121124046628881,0.6124693453564389
2025-10-03 13:00:00,0.8555,0.86,0.849962,0.857245,288585.14057563,ADA/USD,0.002037665389514042,0.6111376126528664
2025-10-03 14:00:00,0.856391,0.862772,0.849514,0.859823,731511.49290761,ADA/USD,0.00300279538970452,0.5383935685292559
2025-10-03 15:00:00,0.860399,0.874,0.85825,0.874,340145.48827677,ADA/USD,0.016353821544068666,0.5492161329823415
2025-10-03 16:00:00,0.874,0.8922,0.874,0.877035,1617054.94721208,ADA/USD,0.0034665247002450958,0.5444165829278388
2025-10-03 17:00:00,0.877419,0.877419,0.85781,0.862445,1338013.81799141,ADA/USD,-0.016775521599480342,0.6367380416157802
2025-10-03 18:00:00,0.8621,0.872583,0.858626,0.872518,861129.59496579,ADA/USD,0.01161190547997187,0.6298940296535112
2025-10-03 19:00:00,0.87255,0.876183,0.869055,0.870494,1552395.7511427,ADA/USD,-0.0023224176422473597,0.6294748289174651
2025-10-03 20:00:00,0.870486,0.872939,0.866887,0.87175,253691.40973606,ADA/USD,0.0014418189617361771,0.6236290922878254
2025-10-03 21:00:00,0.872063,0.873299,0.867769,0.869292,157058.49125303,ADA/USD,-0.0028235983199441108,0.6255001186534236
2025-10-03 22:00:00,0.869515,0.874207,0.869515,0.870988,89170.41182585,ADA/USD,0.0019491122542702386,0.6216683044710626
2025-10-03 23:00:00,0.870923,0.870923,0.865232,0.865369,129371.29941688,ADA/USD,-0.006472193926304637,0.6245666380205349
2025-10-04 00:00:00,0.866055,0.869083,0.861767,0.862659,595102.74400095,ADA/USD,-0.003136525822152867,0.6014858441039047
2025-10-04 01:00:00,0.863131,0.863132,0.856206,0.856466,176496.70971662,ADA/USD,-0.007204859204375144,0.6018632877682037
2025-10-04 02:00:00,0.857572,0.85969,0.853324,0.855043,100723.12184825,ADA/USD,-0.0016628604674533835,0.5857486716274884
2025-10-04 03:00:00,0.854751,0.855002,0.850001,0.854675,148625.89905314,ADA/USD,-0.00043048035486905337,0.5855500519368801
2025-10-04 04:00:00,0.854978,0.856563,0.853668,0.855445,64470.6173575,ADA/USD,0.0009005216616789772,0.5825610788679574
2025-10-04 05:00:00,0.855233,0.857956,0.854701,0.857082,73740.60437169,ADA/USD,0.0019117952576486307,0.5802066058919901
2025-10-04 06:00:00,0.856652,0.859166,0.8562,0.856745,196345.12268574,ADA/USD,-0.00039327190474118583,0.5769711843780104
2025-10-04 07:00:00,0.857006,0.857031,0.85232,0.852349,700461.26797981,ADA/USD,-0.005144257360233243,0.5847624570643156
2025-10-04 08:00:00,0.853069,0.85344,0.846171,0.847347,515377.69801632,ADA/USD,-0.0058857753858086595,0.5898728817778667
2025-10-04 09:00:00,0.847293,0.849195,0.845,0.845292,68851.43532181,ADA/USD,-0.0024281621889664217,0.5906704413675172
2025-10-04 10:00:00,0.84528,0.848549,0.842374,0.843076,695262.47256867,ADA/USD,-0.002625021645150334,0.5917121835447687
2025-10-04 11:00:00,0.843068,0.845021,0.841378,0.843762,218256.85635327,ADA/USD,0.0008133561584674619,0.5876781420851436
2025-10-04 12:00:00,0.843526,0.845115,0.842023,0.842666,42470.0915417,ADA/USD,-0.0012997888487420205,0.5874453269844007
2025-10-04 13:00:00,0.842631,0.850197,0.84263,0.84648,552303.33651754,ADA/USD,0.004515899136821368,0.5936070111082039
2025-10-04 14:00:00,0.846434,0.849837,0.8388,0.8388,1309283.76108111,ADA/USD,-0.009114275568141384,0.611051396953566
2025-10-04 15:00:00,0.8388,0.841127,0.8335,0.835583,612528.17994797,ADA/USD,-0.0038426142148275597,0.5047811068749221
2025-10-04 16:00:00,0.835715,0.842405,0.83541,0.838,468526.99480147,ADA/USD,0.0028884156691458196,0.5025680245397446
2025-10-04 17:00:00,0.8378,0.839416,0.8351,0.83733,212509.17310106,ADA/USD,-0.0007998424617468874,0.4057954918073063
2025-10-04 18:00:00,0.837368,0.838035,0.835801,0.835945,189390.08234918,ADA/USD,-0.0016554365735409987,0.31483431204549733
2025-10-04 19:00:00,0.836155,0.839,0.836107,0.838449,90985.38306072,ADA/USD,0.0029909350686488172,0.32748555372787774
2025-10-04 20:00:00,0.838528,0.841568,0.838001,0.83878,94501.74651587,ADA/USD,0.00039469864198289205,0.32442320715579753
2025-10-04 21:00:00,0.83878,0.844214,0.83878,0.840889,61569.61884439,ADA/USD,0.0025112103733660363,0.3327042571897293
2025-10-04 22:00:00,0.840873,0.843622,0.840001,0.842282,50265.55272071,ADA/USD,0.0016552095040082435,0.3316284233626304
2025-10-04 23:00:00,0.842281,0.842281,0.84,0.84,35546.50082304,ADA/USD,-0.002712983197441785,0.3171761463311858
2025-10-05 00:00:00,0.840001,0.842756,0.835816,0.835816,729089.14280943,ADA/USD,-0.004993398671049271,0.3233297269399234
2025-10-05 01:00:00,0.835801,0.84171,0.835801,0.840381,24045.30875556,ADA/USD,0.005446867267193811,0.32592071696348496
2025-10-05 02:00:00,0.840971,0.86,0.840001,0.86,732226.86764938,ADA/USD,0.023077028814049723,0.5596222416606158
2025-10-05 03:00:00,0.859749,0.86291,0.854303,0.854919,813689.2460691,ADA/USD,-0.005925661640716483,0.5718471148720463
2025-10-05 04:00:00,0.855072,0.871246,0.855072,0.868,419038.72587844,ADA/USD,0.0151849870535133,0.6412137619923135
2025-10-05 05:00:00,0.867348,0.873934,0.867348,0.872517,1094548.3603292,ADA/USD,0.005190423467104373,0.6467898381429911
2025-10-05 06:00:00,0.872683,0.874452,0.867219,0.867513,110409.66466913,ADA/USD,-0.005751640827945059,0.6583750666031877
2025-10-05 07:00:00,0.867484,0.878908,0.86726,0.877981,1732721.6272476,ADA/USD,0.01199445601034086,0.6831672386865824
2025-10-05 08:00:00,0.878051,0.883175,0.876135,0.877526,335663.92131706,ADA/USD,-0.0005183687791485877,0.6694183524704069
2025-10-05 09:00:00,0.877739,0.878711,0.864962,0.865951,568643.71165946,ADA/USD,-0.01327825955523065,0.72333312130844
2025-10-05 10:00:00,0.866502,0.867219,0.859911,0.862724,757449.00686166,ADA/USD,-0.0037334996438703498,0.7257584276473152
2025-10-05 11:00:00,0.862143,0.864159,0.858118,0.863783,80304.43257367,ADA/USD,0.0012267545197439,0.7257696085552212
2025-10-05 12:00:00,0.863453,0.863453,0.855963,0.856136,327274.99701284,ADA/USD,-0.008892337824782463,0.7489667954040471
2025-10-05 13:00:00,0.856199,0.859672,0.85611,0.857506,103819.34892,ADA/USD,0.0015989340736015545,0.7453126667344552
2025-10-05 14:00:00,0.857841,0.86094,0.851584,0.854723,240345.6178662,ADA/USD,-0.003250736263349523,0.7245155586418434
2025-10-05 15:00:00,0.854713,0.857798,0.851031,0.853773,2929640.12065959,ADA/USD,-0.0011120893439712613,0.7197374348435376
2025-10-05 16:00:00,0.853773,0.855642,0.846097,0.85332,593125.92849857,ADA/USD,-0.0005307268094159505,0.7190988951364018
2025-10-05 17:00:00,0.853255,0.854359,0.843283,0.844184,70725.01312932,ADA/USD,-0.010764143369409758,0.7517602977099402
2025-10-05 18:00:00,0.844059,0.845623,0.840358,0.843561,433995.54945823,ADA/USD,-0.0007382632190246087,0.7510370874476108
2025-10-05 19:00:00,0.843431,0.843431,0.826867,0.830151,1015259.11323559,ADA/USD,-0.016024605140344685,0.8112876875987128
2025-10-05 20:00:00,0.830151,0.838311,0.828182,0.835564,1234499.58014202,ADA/USD,0.00649933398492793,0.8219200315331889
2025-10-05 21:00:00,0.834885,0.837342,0.832972,0.837109,377079.59623378,ADA/USD,0.0018473430722946078,0.8211958078930613
2025-10-05 22:00:00,0.837373,0.840411,0.834,0.837408,81325.30854469,ADA/USD,0.0003571179070474845,0.8204604129892706
2025-10-05 23:00:00,0.837973,0.840178,0.836986,0.837042,101206.91812781,ADA/USD,-0.0004371584769074676,0.8190004738626931
2025-10-06 00:00:00,0.837527,0.8455,0.832794,0.835991,543530.02535458,ADA/USD,-0.0012564009654967873,0.813672644013654
2025-10-06 01:00:00,0.836001,0.845454,0.832716,0.840423,279572.28640464,ADA/USD,0.005287489039875289,0.8132725417969243
2025-10-06 02:00:00,0.840706,0.844782,0.835484,0.8406,252519.60748056,ADA/USD,0.00021058605462756914,0.6710706350181617
2025-10-06 03:00:00,0.84078,0.842531,0.839116,0.840724,189084.1448295,ADA/USD,0.0001475028016311784,0.6639150123876736
2025-10-06 04:00:00,0.840724,0.843114,0.838801,0.838816,52411.72997791,ADA/USD,-0.0022720516579452592,0.5837925217275278
2025-10-06 05:00:00,0.839018,0.842811,0.837159,0.842758,53360.60792343,ADA/USD,0.004688473086539192,0.5817011469824431
2025-10-06 06:00:00,0.842758,0.85,0.842758,0.846021,162820.04523138,ADA/USD,0.003864335191939321,0.5835991066663185
2025-10-06 07:00:00,0.8462,0.849553,0.840681,0.842583,151671.77508282,ADA/USD,-0.004072008298603246,0.5246139748960503
2025-10-06 08:00:00,0.8431,0.852525,0.8431,0.852388,1848031.51721286,ADA/USD,0.011569648533089557,0.5827258285923747
2025-10-06 09:00:00,0.852114,0.854652,0.849144,0.850985,937805.2378019,ADA/USD,-0.001647320131612379,0.5310683709982691
2025-10-06 10:00:00,0.850936,0.852746,0.84881,0.851729,97131.44406532,ADA/USD,0.0008738990192708007,0.5284203698194782
2025-10-06 11:00:00,0.851729,0.854675,0.848971,0.851408,95514.70076772,ADA/USD,-0.00037695147695205136,0.5272716023651369
2025-10-06 12:00:00,0.851362,0.856846,0.851362,0.854802,1056872.65052275,ADA/USD,0.003978413532473498,0.507141808494896
2025-10-06 13:00:00,0.854792,0.865,0.854491,0.864999,783151.67538032,ADA/USD,0.011858487691000065,0.5555319606810443
2025-10-06 14:00:00,0.865,0.869639,0.861252,0.86231,1100716.74678052,ADA/USD,-0.0031135160787785316,0.5551981215964564
2025-10-06 15:00:00,0.862482,0.880356,0.862482,0.872479,1844423.13159101,ADA/USD,0.011723750235948207,0.5949017111587327
2025-10-06 16:00:00,0.873363,0.877,0.87,0.87274,762816.56525771,ADA/USD,0.0002991028655382048,0.5943509740268879
2025-10-06 17:00:00,0.873409,0.879874,0.871805,0.876166,706737.99473543,ADA/USD,0.003917882816307454,0.5486912063676423
2025-10-06 18:00:00,0.876273,0.880357,0.87617,0.880356,307505.33611331,ADA/USD,0.004770800419485373,0.5500360815203199
2025-10-06 19:00:00,0.880356,0.880357,0.874055,0.877746,516114.03127761,ADA/USD,-0.0029691131884269657,0.4332418470655733
2025-10-06 20:00:00,0.877744,0.8804,0.872983,0.872997,1599747.63242498,ADA/USD,-0.005425138524339627,0.44906905711431194
2025-10-06 21:00:00,0.872812,0.876381,0.868029,0.875583,935338.03004043,ADA/USD,0.0029578307945397923,0.4495899716767006
2025-10-06 22:00:00,0.875933,0.879474,0.875,0.876867,179595.648801,ADA/USD,0.0014653773057883702,0.44866503094005483
2025-10-06 23:00:00,0.876867,0.878416,0.866836,0.871571,330155.26320098,ADA/USD,-0.006057997134159021,0.47214199148706715
2025-10-07 00:00:00,0.871572,0.876579,0.8712,0.8756,558319.64174997,ADA/USD,0.004612035274958192,0.4715321597405825
2025-10-07 01:00:00,0.875496,0.877876,0.870001,0.872415,105545.07489516,ADA/USD,-0.003644137521317702,0.47813082579678684
2025-10-07 02:00:00,0.872154,0.873703,0.868336,0.871,140478.38726139,ADA/USD,-0.001623251274887406,0.48136982461260097
2025-10-07 03:00:00,0.870652,0.872,0.867601,0.868494,162479.10552603,ADA/USD,-0.002881299658073726,0.4879960562819731
2025-10-07 04:00:00,0.868504,0.874263,0.862191,0.871612,578829.45765692,ADA/USD,0.0035836935646475446,0.4842328903458019
2025-10-07 05:00:00,0.8716,0.874644,0.869401,0.872426,428728.45331851,ADA/USD,0.0009334659670342042,0.4804043594453854
2025-10-07 06:00:00,0.872371,0.873769,0.857148,0.857148,473492.70484112,ADA/USD,-0.017667237589231943,0.6002240143415016
2025-10-07 07:00:00,0.857663,0.860526,0.855001,0.8567,249628.7026519,ADA/USD,-0.0005228001668805958,0.5936209646357361
2025-10-07 08:00:00,0.856862,0.857741,0.849021,0.856417,136201.51409277,ADA/USD,-0.0003303919143577201,0.5526968631693909
2025-10-07 09:00:00,0.856301,0.858329,0.854751,0.855923,72664.50897496,ADA/USD,-0.0005769882309646553,0.5517143215936222
2025-10-07 10:00:00,0.85586,0.859999,0.853541,0.858805,410200.46656672,ADA/USD,0.003361469240319032,0.5548391035165913
2025-10-07 11:00:00,0.858804,0.861,0.85631,0.860006,418528.90867762,ADA/USD,0.0013974779024072078,0.5549956838497585
2025-10-07 12:00:00,0.86,0.8725,0.8574,0.87072,526649.69844522,ADA/USD,0.012381089627479453,0.5971396215123586
2025-10-07 13:00:00,0.8711,0.872,0.866819,0.868985,1385843.08779411,ADA/USD,-0.001994591698258945,0.556415876947918
